CHEMBL3875	Q9R297	Protein Trhr2
MDGPSNVSLIHGDTTLGLPEYKVVSVFLVLLVCTLGIVGNAMVILVVLTSRDMHTPTNCYLVSLALADLLVLLAAGLPNVSDSLVGHWIYGRAGCLGITYFQYLGINVSSFSILAFTVERYIAICHPLRAQTVCTVARAKRIIAGIWGVTSLYCLLWFFLVDLNVRDNQRLECGYKVPRGLYLPIYLLDFAVFFIGPLLVTLVLYGLIGRILFQSPLSQEAWQKERQPHGQSEAAPGNCSRAKSSRKQATRMLAVVVLLFAVLWTPYRTLVLLNSFVAQPFLDPWVLLFCRTCVYTNSAVNPVVYSLMSQKFRAAFLKLCWCRAAGPQRRAARVLTSNYSAAQETSEGTEKM
CHEMBL1472	NC(=O)[C@@H]1CCCN1C(=O)[C@H](Cc2cnc[nH]2)NC(=O)[C@@H]3CCC(=O)N3	8.26200008392
CHEMBL197149	CCCc1nc(C[C@H](NC(=O)[C@@H]2CCC(=O)N2)C(=O)N3CCC[C@H]3C(=O)N)c[nH]1	4.76999998093
CHEMBL198263	NC(=O)[C@@H]1CCCN1C(=O)[C@H](Cc2c[nH]c(n2)C3CC3)NC(=O)[C@@H]4CCC(=O)N4	4.0
CHEMBL223876	CC(C)c1nc(C[C@H](NC(=O)[C@@H]2CCC(=O)C2)C(=O)N3CCC[C@H]3C(=O)N)c[nH]1	4.0
CHEMBL223972	Cn1cnc(C[C@H](NC(=O)[C@@H]2CCCC(=O)N2)C(=O)N3CCC[C@H]3C(=O)N)c1	7.8860001564
CHEMBL224525	CCCc1nc(C[C@H](NC(=O)[C@@H]2CCCC(=O)N2)C(=O)N3CCC[C@H]3C(=O)N)c[nH]1	6.53800010681
CHEMBL224655	CC(C)(C)c1nc(C[C@H](NC(=O)[C@@H]2CCCC(=O)N2)C(=O)N3CCC[C@H]3C(=O)N)c[nH]1	4.0
CHEMBL224715	CCCc1nc(C[C@H](NC(=O)[C@H]2CCC(=O)C2)C(=O)N3CCC[C@H]3C(=O)N)c[nH]1	4.0
CHEMBL369944	NC(=O)[C@@H]1CCCN1C(=O)[C@H](Cc2c[nH]c(n2)C34CC5CC(CC(C5)C3)C4)NC(=O)[C@@H]6CCC(=O)N6	4.0
CHEMBL374625	CCCc1nc(C[C@H](NC(=O)[C@@H]2CCC(=O)C2)C(=O)N3CCC[C@H]3C(=O)N)c[nH]1	4.0
CHEMBL375196	NC(=O)[C@@H]1CCCN1C(=O)[C@H](Cc2c[nH]c(n2)C3CCCCC3)NC(=O)[C@@H]4CCC(=O)C4	4.0
CHEMBL376135	NC(=O)[C@@H]1CCCN1C(=O)[C@H](Cc2c[nH]c(n2)C3CCCCC3)NC(=O)[C@H]4CCC(=O)C4	4.0
CHEMBL381666	CC(C)c1nc(C[C@H](NC(=O)[C@@H]2CCC(=O)N2)C(=O)N3CCC[C@H]3C(=O)N)c[nH]1	4.0
CHEMBL382080	NC(=O)[C@@H]1CCCN1C(=O)[C@H](Cc2c[nH]c(n2)C3CCCCC3)NC(=O)[C@@H]4CCC(=O)N4	4.0
CHEMBL382714	CC(C)(C)c1nc(C[C@H](NC(=O)[C@@H]2CCC(=O)N2)C(=O)N3CCC[C@H]3C(=O)N)c[nH]1	4.0
CHEMBL388350	CC(C)c1nc(C[C@H](NC(=O)[C@H]2CCC(=O)C2)C(=O)N3CCC[C@H]3C(=O)N)c[nH]1	4.0
CHEMBL388528	NC(=O)[C@@H]1CCCN1C(=O)[C@H](Cc2cn(CC=C)cn2)NC(=O)[C@@H]3CCCC(=O)N3	4.6779999733
CHEMBL388812	CC(C)c1nc(C[C@H](NC(=O)[C@@H]2CCCC(=O)N2)C(=O)N3CCC[C@H]3C(=O)N)c[nH]1	4.0
CHEMBL389037	NC(=O)[C@@H]1CCCN1C(=O)[C@H](Cc2cn(Cc3ccccc3)cn2)NC(=O)[C@@H]4CCCC(=O)N4	4.0
CHEMBL389858	CC(C)(C)c1nc(C[C@H](NC(=O)[C@@H]2CCC(=O)C2)C(=O)N3CCC[C@H]3C(=O)N)c[nH]1	4.0
CHEMBL389955	CC(C)(C)c1nc(C[C@H](NC(=O)[C@H]2CCC(=O)C2)C(=O)N3CCC[C@H]3C(=O)N)c[nH]1	4.0
CHEMBL390942	CCn1cnc(C[C@H](NC(=O)[C@@H]2CCCC(=O)N2)C(=O)N3CCC[C@H]3C(=O)N)c1	7.46899986267
CHEMBL437735	NC(=O)[C@@H]1CCCN1C(=O)[C@H](Cc2c[nH]c(n2)C3CCCCC3)NC(=O)[C@@H]4CCCC(=O)N4	4.0
CHEMBL447346	Cc1c(O)c(C(CCc2ccccc2)C3=C(O)C(C)(C)C(=O)C(C)(C)C3=O)c(O)c(C(=O)CCc4ccccc4)c1O	4.63800001144
CHEMBL468803	CC(=O)OC[C@@]1(C)CCC[C@@]2(CO)[C@H]1CC[C@]3(C)[C@@H]2CCc4cocc34	4.15500020981
CHEMBL496930	CC(C)CC(C1=C(O)C(C)(C)C(=O)C(C)(C)C1=O)c2c(O)c(C)c(O)c(C(=O)CCc3ccccc3)c2O	4.72100019455
CHEMBL512825	CC(=O)OC[C@]12CCC[C@](C)(CO)[C@@H]1CC[C@]3(C)[C@@H]2CCc4cocc34	4.63800001144
