Cc1ccc(cc1)S(=O)(=O)n1nc(OC(=O)c2cccs2)cc1N	 1990.05
COc1ccc(cc1)S(=O)(=O)n1nc(OC(=O)c2ccc(C)cc2)cc1N	 12265.1
CCn1nc(nc2c1nc(=O)n(C)c2=O)-c1ccccc1	 71.0067
Nc1cc(OC(=O)c2ccco2)nn1S(=O)(=O)c1ccc(F)cc1	 1260.79
O=C(NCc1cccs1)C(OC(=O)c1cccs1)c1ccccn1	 6355.62
Nc1sc(=S)c2CN(Cc3ccccc3)CCc2c1C#N	 1639.48
Cc1ccc(cc1)S(=O)(=O)n1nc(OC(=O)c2ccco2)cc1N	 1749.09
CCn1nc(nc2c1nc(=O)n(C)c2=O)-c1cccs1	 72.2333
Nc1nonc1-c1nc2ccccc2n1CC(=O)N1CCCCC1	 44577
COc1ccc(cc1)S(=O)(=O)n1nc(OC(=O)c2ccco2)cc1N	 923.543
CC(=O)NC(=O)NC1OC(=O)C(Cl)=C1Cl	 2120.02
Nc1nonc1-c1nc2ccccc2n1Cc1ccc(F)cc1	 33855.4
COc1ccc(cc1)S(=O)(=O)n1nc(OC(=O)c2ccccc2)cc1N	 9562.61
CC(C)CCNC(=O)[C@H](CC(C)C)NC(=O)[C@H]1O[C@@H]1C(O)=O	 1.52588
CC(C)C[C@H](NC(=O)[C@@H]1O[C@H]1C(O)=O)C(=O)NCCCCN=C(N)N	 12.2833
COc1ccc(cc1)C(=O)c1n[o+]n([O-])c1C(=O)c1ccc(OC)cc1	 11457.8
COc1ccccc1\N=C\c1nc(oc1OC(C)=O)-c1ccccc1	 11012.2
Cc1nonc1-c1nnc([nH]1)-c1nonc1N	 45919.1
O=C(Oc1oc(nc1\C=N\c1ccccc1)-c1ccco1)c1ccco1	 38470.6
O=C(CSc1nnc(-c2ccco2)c(n1)-c1ccco1)Nc1ccccc1	 3433.2
CCC(C)[C@@H](NC(=O)OC(C)(C)C)c1nnc(o1)S(=O)(=O)Cc1cccc(C)c1	 2087.4
Nc1nc(cc2c(C#N)c(nc(N)c12)N1CCCC1)N1CCCC1	 3170.87
O=C(CNC(=O)c1ccco1)OC(C(=O)c1ccccc1)c1ccccc1	 18999.5
CC1=C(C)CS(=O)N(C1)S(=O)(=O)c1ccc(Cl)cc1	 4169.72
O=S(=O)(NS1=CC=CCN1S(=O)(=O)c1ccccc1)c1ccccc1	 9388.65
Cn1c2cn(c(-c3ccccc3)c2c(=O)n(C)c1=O)-n1cnnc1	 1185.12
COc1cccc(Cn2c(nc3ccccc23)-c2nonc2N)c1	 45974.1
COc1ccc(cc1)S(=O)(=O)n1nc(OC(=O)c2cccs2)cc1N	 1161.38
CCCCOc1ccccc1NC(=O)Cn1c(nc2ccccc12)-c1nonc1N	 28132.2
COc1cc(Cn2c(nc3ccccc23)-c2nonc2N)ccc1C	 44782.6
Nc1cc(OC(=O)c2cccs2)nn1S(=O)(=O)c1ccc(F)cc1	 434.637
CC(=O)OC1(Oc2ccccc2NC1=O)C(F)(F)F	 844.477
Nc1cc(OC(=O)c2cccs2)nn1S(=O)(=O)c1ccccc1	 246.643
O=C(CNC(=O)c1ccco1)OCN1C(=O)c2ccccc2C1=O	 8563.11
COc1nc(nc(n1)N1CCCC1)N(CC(N)=O)C#N	 14196.4
Cn1ncnc2c1nc(=O)n(C)c2=O	 47.29
O=c1[nH]c(Nc2ccccc2)cc2ccccc12	 17574
CCSc1ccccc1C(=O)n1nnc2ccccc12	 7113.8
Nc1nonc1-c1nc2ccccc2n1Cc1ccccc1	 22432.8
Nc1nonc1-c1nc2ccccc2[nH]1	 46113.4
Nc1nonc1-c1nc2ccccc2n1CC(=O)N1CCN(CC1)c1ccc(F)cc1	 46161.2
COc1ccc(C)c(Cn2c(nc3ccccc23)-c2nonc2N)c1	 37190
COc1ccc(cc1)C(=O)C(OC(=O)CNC(=O)c1ccco1)c1ccccc1	 18349.1
Nc1nc2N=C3CCCCC3C3(CCCCC3)n2n1	 12947.1
Nc1nonc1-c1nc2ccccc2n1CCOC=C	 29741.2
Cc1ccc(cc1)S(=O)(=O)n1nc(OC(=O)c2ccco2)cc1N	 3036
Cc1ccc(cc1)S(=O)(=O)n1nc(OC(=O)c2cccs2)cc1N	 2830.7
Nc1cc(OC(=O)c2cccs2)nn1S(=O)(=O)c1ccccc1	 657
Nc1cc(OC(=O)c2cccs2)nn1S(=O)(=O)c1ccc(F)cc1	 1666.3
COc1ccc(cc1)S(=O)(=O)n1nc(OC(=O)c2cccs2)cc1N	 944.7
Nc1cc(OC(=O)c2ccco2)nn1S(=O)(=O)c1ccc(F)cc1	 2773
Cc1csc(c1)C(=O)Oc1cc(N)n(n1)S(=O)(=O)c1ccccc1	 2819
CS(=O)(=O)n1nc(OC(=O)c2cccs2)cc1N	 22284.2
Cc1ccc(cc1)S(=O)(=O)n1ccc(OC(=O)c2cccs2)n1	 33097.1
COc1ccc(cc1)S(=O)(=O)n1nc(OC(=O)c2cccs2)cc1NC(=O)c1cccs1	 3234
Cc1ccc(cc1)S(=O)(=O)n1nc(OC(=O)c2cccs2)cc1N	 1990
COc1ccc(cc1)S(=O)(=O)n1nc(OC(=O)c2ccc(C)cc2)cc1N	 12265.1
CCn1nc(nc2c1nc(=O)n(C)c2=O)-c1ccccc1	 71
Nc1cc(OC(=O)c2ccco2)nn1S(=O)(=O)c1ccc(F)cc1	 1260.8
O=C(NCc1cccs1)C(OC(=O)c1cccs1)c1ccccn1	 6355.6
Nc1sc(=S)c2CN(Cc3ccccc3)CCc2c1C#N	 1639.5
Cc1ccc(cc1)S(=O)(=O)n1nc(OC(=O)c2ccco2)cc1N	 1749.1
CCn1nc(nc2c1nc(=O)n(C)c2=O)-c1cccs1	 72.2
Nc1nonc1-c1nc2ccccc2n1CC(=O)N1CCCCC1	 44577
COc1ccc(cc1)S(=O)(=O)n1nc(OC(=O)c2ccco2)cc1N	 923.5
CC(=O)NC(=O)NC1OC(=O)C(Cl)=C1Cl	 2120
Nc1nonc1-c1nc2ccccc2n1Cc1ccc(F)cc1	 33855.4
COc1ccc(cc1)S(=O)(=O)n1nc(OC(=O)c2ccccc2)cc1N	 9562.6
COc1ccc(cc1)C(=O)c1n[o+]n([O-])c1C(=O)c1ccc(OC)cc1	 11457.8
COC(=O)Sc1nc(N2CCOCC2)c2COC(C)(C)Cc2c1C#N	 6714.5
CCOC(=O)C(N(C#N)c1nc(SC)nc(n1)N(C)C)C(=O)OCC	 19686.4
COc1ccccc1\N=C\c1nc(oc1OC(C)=O)-c1ccccc1	 8926.9
CCC(=O)Oc1oc(nc1\C=N\c1ccccc1OC)-c1ccccc1	 39986.8
O=C(Oc1oc(nc1\C=N\c1ccccc1)-c1ccco1)c1ccco1	 38470.6
O=C(CSc1nnc(-c2ccco2)c(n1)-c1ccco1)Nc1ccccc1	 2247.2
CCC(C)[C@@H](NC(=O)OC(C)(C)C)c1nnc(o1)S(=O)(=O)Cc1cccc(C)c1	 2087.4
Nc1nc(cc2c(C#N)c(nc(N)c12)N1CCCC1)N1CCCC1	 3170.9
CC1=C(C)CS(=O)N(C1)S(=O)(=O)c1ccc(Cl)cc1	 4169.7
O=S(=O)(NS1=CC=CCN1S(=O)(=O)c1ccccc1)c1ccccc1	 9388.7
Cn1c2cn(c(-c3ccccc3)c2c(=O)n(C)c1=O)-n1cnnc1	 1185.1
COc1cccc(Cn2c(nc3ccccc23)-c2nonc2N)c1	 45970.7
COc1ccc(cc1)S(=O)(=O)n1nc(OC(=O)c2cccs2)cc1N	 691.9
CCCCOc1ccccc1NC(=O)Cn1c(nc2ccccc12)-c1nonc1N	 28132.2
COc1cc(Cn2c(nc3ccccc23)-c2nonc2N)ccc1C	 44782.6
Nc1cc(OC(=O)c2cccs2)nn1S(=O)(=O)c1ccc(F)cc1	 434.6
CC(=O)OC1(Oc2ccccc2NC1=O)C(F)(F)F	 844.5
Nc1cc(OC(=O)c2cccs2)nn1S(=O)(=O)c1ccccc1	 246.6
O=C(CNC(=O)c1ccco1)OCN1C(=O)c2ccccc2C1=O	 8563.1
COc1nc(nc(n1)N1CCCC1)N(CC(N)=O)C#N	 14196.4
Cn1ncnc2c1nc(=O)n(C)c2=O	 46.1
CCSc1ccccc1C(=O)n1nnc2ccccc12	 7113.8
Nc1nonc1-c1nc2ccccc2n1CC(=O)N1CCN(CC1)c1ccc(F)cc1	 46161.2
COc1ccc(C)c(Cn2c(nc3ccccc23)-c2nonc2N)c1	 37190
COc1ccc(cc1)C(=O)C(OC(=O)CNC(=O)c1ccco1)c1ccccc1	 18349.1
Nc1nc2N=C3CCCCC3C3(CCCCC3)n2n1	 12947.1
CC(C)C(NC(=O)OCc1ccccc1)C(=O)NC(Cc1ccccc1)C=O	 95.8
CCCNC(=O)[C@H]1O[C@@H]1C(=O)N[C@@H]([C@@H](C)CC)C(=O)N1CCC[C@H]1C(O)=O	 4.4
FCC(=O)C(Cc1ccccc1)NC(=O)C(Cc1ccccc1)NC(=O)OCc1ccccc1	 65.6
Oc1ccc(C(=O)\C=C\c2ccncc2)c(O)c1	 5.025e+4
Oc1ccc(C(=O)\C=C\c2ccco2)c(O)c1	 6.063e+4
Oc1ccc(\C=C\C(=O)c2cccs2)c(O)c1	 1.147e+4
Oc1ccc(\C=C\C(=O)c2ccco2)c(O)c1	 4.947e+4
Oc1cc(O)cc(c1)C(=O)\C=C\c1ccco1	 8.459e+4
CC[C@H](NC(=O)[C@@H]1C[C@H](CN1C(=O)OC(C)(C)C)S(=O)(=O)c1ccc(C)cc1C)C(=O)C(=O)NC1CC1	 11069.5
CC[C@H](NC(=O)[C@@H]1C[C@H](CN1C(=O)OC(C)(C)C)S(=O)(=O)c1ccc(Cl)cc1C)C(=O)C(=O)NC1CC1	 22623.5
CC[C@H](NC(=O)[C@@H]1C[C@H](CN1c1ccccc1[N+]([O-])=O)S(=O)(=O)c1ccccc1C(F)(F)F)C(=O)C(=O)NC1CC1	 3181
CC[C@H](NC(=O)[C@@H]1C[C@H](CN1c1cc(C)nn1C1CCC1)S(=O)(=O)c1ccc(F)cc1C(F)(F)F)C(=O)C(=O)NC1CC1	 2918
CC[C@H](NC(=O)[C@@H]1C[C@H](CN1c1ccccc1[N+]([O-])=O)S(=O)(=O)c1ccccc1C(F)(F)F)C(=O)c1nc2ccccc2o1	 105500
CC[C@H](NC(=O)[C@@H]1C[C@H](CN1c1cc(C)nn1C1CCC1)S(=O)(=O)c1ccc(Br)cc1C(F)(F)F)C(=O)C(=O)NC1CC1	 1298.5
CC[C@H](NC(=O)[C@@H]1C[C@H](CN1C(=O)C1(CC1)C(F)(F)F)S(=O)(=O)c1ccccc1C(F)(F)F)C(=O)C(=O)NC1CC1	 1852.5
CC[C@H](NC(=O)[C@@H]1C[C@H](CN1C(=O)C1(CC1)c1ccc(Cl)cc1)S(=O)(=O)c1ccccc1Cl)C(=O)C(=O)NC1CC1	 62.7
CCC[C@H](NC(=O)[C@@H]1C[C@H](CN1C(=O)C1(CC1)c1ccc(Cl)cc1)S(=O)(=O)c1ccccc1Cl)C(=O)C(=O)NC1CC1	 43.3
CC[C@H](NC(=O)[C@@H]1C[C@H](CN1C(=O)C1(CC1)c1ncc(Cl)cc1F)S(=O)(=O)c1ccc(OCC(F)(F)F)cc1Cl)C(=O)C(=O)NC1CC1	 828.8
CC[C@H](NC(=O)[C@@H]1C[C@H](CN1C(=O)C1(CC1)c1ccc(Cl)cc1)S(=O)(=O)c1ccc(OCC(F)(F)F)cc1C(F)(F)F)C(=O)C(=O)NC1CC1	 291.1
CC[C@H](NC(=O)[C@@H]1C[C@H](CN1C(=O)C1(CC1)c1ccc(Cl)cc1)S(=O)(=O)c1ccccc1Cl)C(=O)c1nc2ccccc2o1	 182.6
CC[C@H](NC(=O)[C@@H]1C[C@H](CN1C(=O)C1(CC1)c1ccc(Cl)cc1F)S(=O)(=O)c1ccccc1Cl)C(=O)C(=O)NC1CC1	 142.2
CC[C@H](NC(=O)[C@@H]1C[C@H](CN1C(=O)C1(CC1)c1ccc(Br)cc1F)S(=O)(=O)c1ccccc1Cl)C(=O)C(=O)NC1CC1	 150.3
CC[C@H](NC(=O)[C@@H]1C[C@H](CN1C(=O)C1(CC1)c1ccc(Br)cc1)S(=O)(=O)c1ccccc1Cl)C(=O)C(=O)NC1CC1	 98.5
CCC[C@H](NC(=O)[C@@H]1C[C@H](CN1C(=O)C1(CC1)c1ccc(Br)cc1)S(=O)(=O)c1ccccc1Cl)C(=O)C(=O)NC1CC1	 45.4
CC[C@H](NC(=O)[C@@H]1C[C@H](CN1C(=O)C1(CC1)c1ccc(I)cc1)S(=O)(=O)c1ccccc1Cl)C(=O)C(=O)NC1CC1	 106.8
CCC[C@H](NC(=O)[C@@H]1C[C@H](CN1C(=O)C1(CC1)c1ccc(I)cc1)S(=O)(=O)c1ccccc1Cl)C(=O)C(=O)NC1CC1	 70.1
CC[C@H](NC(=O)[C@@H]1C[C@H](CN1C(=O)C1(CC1)c1ncc(Cl)cc1F)S(=O)(=O)c1ccccc1C(F)(F)F)C(=O)C(=O)NC1CC1	 424.3
CCC[C@H](NC(=O)[C@@H]1C[C@H](CN1C(=O)C1(CC1)c1ncc(Cl)cc1F)S(=O)(=O)c1ccccc1C(F)(F)F)C(=O)C(=O)NC1CC1	 245.2
CC[C@H](NC(=O)[C@@H]1C[C@H](CN1C(=O)C1(CC1)c1ccc(Cl)cc1)S(=O)(=O)c1ccccc1C(F)(F)F)C(=O)C(=O)NC1CC1	 165
CCC[C@H](NC(=O)[C@@H]1C[C@H](CN1C(=O)C1(CC1)c1ccc(Cl)cc1)S(=O)(=O)c1ccccc1C(F)(F)F)C(=O)C(=O)NC1CC1	 143.6
CC[C@H](NC(=O)[C@@H]1C[C@H](CN1C(=O)C1(CC1)c1ncc(Br)cc1F)S(=O)(=O)c1ccccc1Cl)C(=O)C(=O)NC1CC1	 1229
CCC[C@H](NC(=O)[C@@H]1C[C@H](CN1C(=O)C1(CC1)c1ncc(Cl)cc1F)S(=O)(=O)c1ccccc1Cl)C(=O)C(=O)NC1CC1	 189.6
CC[C@H](NC(=O)[C@@H]1C[C@H](CN1C(=O)C1(CC1)c1ncc(Cl)cc1F)S(=O)(=O)c1ccccc1Cl)C(=O)C(=O)NC1CC1	 251.4
CC(C)(NC(=O)[C@@H]1C[C@H](CN1C(=O)C1(CC1)c1ccc(Cl)cc1)S(=O)(=O)c1ccccc1Cl)C(=O)C(=O)NC1CC1	 25000
Clc1ccc(cc1)C1(CC1)C(=O)N1C[C@@H](C[C@H]1C(=O)NC1(CC1)C(=O)C(=O)NC1CC1)S(=O)(=O)c1ccccc1Cl	 25000
CC(C)[C@H](NC(=O)[C@@H]1C[C@H](CN1C(=O)C1(CC1)c1ccc(Cl)cc1)S(=O)(=O)c1ccccc1Cl)C(=O)C(=O)NC1CC1	 97.3
CC(C)C[C@H](NC(=O)[C@@H]1C[C@H](CN1C(=O)C1(CC1)c1ccc(Cl)cc1)S(=O)(=O)c1ccccc1Cl)C(=O)C(=O)NC1CC1	 178.2
Clc1ccc(cc1)C1(CC1)C(=O)N1C[C@@H](C[C@H]1C(=O)N[C@@H](CC1CCCCC1)C(=O)C(=O)NC1CC1)S(=O)(=O)c1ccccc1Cl	 210
CCCCNC(=O)C(=O)[C@H](CC)NC(=O)[C@@H]1C[C@H](CN1C(=O)C1(CC1)c1ccc(Cl)cc1)S(=O)(=O)c1ccccc1Cl	 47.8
CCCCNC(=O)C(=O)[C@H](CCC)NC(=O)[C@@H]1C[C@H](CN1C(=O)C1(CC1)c1ccc(Cl)cc1)S(=O)(=O)c1ccccc1Cl	 29.4
CC[C@H](NC(=O)[C@@H]1C[C@H](CN1C(=O)C1(CC1)c1ccc(Cl)cc1)S(=O)(=O)c1ccccc1Cl)C(=O)C(=O)NCc1ccccc1	 77
C[C@H](NC(=O)[C@@H]1C[C@H](CN1C(=O)C1(CC1)c1ccc(Cl)cc1)S(=O)(=O)c1ccccc1Cl)C(=O)C(=O)NC1CC1	 399.4
CCC[C@H](NC(=O)[C@@H]1C[C@H](CN1C(=O)C1(CC1)c1ccc(Cl)cc1)S(=O)(=O)c1ccccc1Cl)C(=O)C(=O)NCc1ccccc1	 31
CCCC(C)NC(=O)C(=O)[C@H](CC)NC(=O)[C@@H]1C[C@H](CN1C(=O)C1(CC1)c1ccc(Cl)cc1)S(=O)(=O)c1ccccc1Cl	 349.5
CCCC(C)NC(=O)C(=O)[C@H](CCC)NC(=O)[C@@H]1C[C@H](CN1C(=O)C1(CC1)c1ccc(Cl)cc1)S(=O)(=O)c1ccccc1Cl	 245.9
CC[C@H](NC(=O)[C@@H]1C[C@H](CN1C(=O)C1(CC1)c1ccc(Cl)cc1)S(=O)(=O)c1ccc(Cl)cc1Cl)C(=O)C(=O)NC1CC1	 154.2
CC[C@H](NC(=O)[C@@H]1C[C@H](CN1C(=O)C1(CC1)c1ccc(Cl)cc1)S(=O)(=O)c1ccc(F)cc1Cl)C(=O)C(=O)NC1CC1	 139.7
CCC[C@H](NC(=O)[C@@H]1C[C@H](CN1C(=O)C1(CC1)c1ccc(Cl)cc1)S(=O)(=O)c1ccccc1Cl)C(=O)C(=O)NCC(F)(F)F	 366.2
CCC[C@H](NC(=O)[C@@H]1C[C@H](CN1C(=O)C1(CC1)c1ccc(Cl)cc1)S(=O)(=O)c1ccccc1Cl)C(=O)C(=O)NC(C)C	 187.1
CCC[C@H](NC(=O)[C@@H]1C[C@H](CN1C(=O)C1(CC1)c1ccc(Cl)cc1)S(=O)(=O)c1ccc(Cl)cc1Cl)C(=O)C(=O)NC1CC1	 115.4
CCNC(=O)C(=O)[C@H](CC)NC(=O)[C@@H]1C[C@H](CN1C(=O)C1(CC1)c1ccc(Cl)cc1)S(=O)(=O)c1ccccc1Cl	 112.3
CCC[C@H](NC(=O)[C@@H]1C[C@H](CN1C(=O)C1(CC1)c1ccc(Cl)cc1)S(=O)(=O)c1ccccc1Cl)C(=O)C(=O)NCC	 107.6
CC[C@H](NC(=O)[C@@H]1C[C@H](CN1C(=O)C1(CC1)c1ccc(Cl)cc1)S(=O)(=O)c1ccc(O[C@@H](C)C(F)(F)F)cc1Cl)C(=O)C(=O)NC1CC1	 335.2
CCC[C@H](NC(=O)[C@@H]1C[C@H](CN1C(=O)C1(CC1)c1ccc(Cl)cc1)S(=O)(=O)c1ccc(O[C@@H](C)C(F)(F)F)cc1Cl)C(=O)C(=O)NC1CC1	 223.8
CCC[C@H](NC(=O)[C@@H]1C[C@H](CN1C(=O)C1(CC1)c1ccc(Cl)cc1)S(=O)(=O)c1ccccc1Cl)C(=O)C(=O)N(C)C1CC1	 1537
CCC[C@H](NC(=O)[C@@H]1C[C@H](CN1C(=O)C1(CC1)c1ccc(Cl)cc1)S(=O)(=O)c1ccc(F)cc1Cl)C(=O)C(=O)NC1CC1	 83.2
CC[C@H](NC(=O)[C@@H]1C[C@H](CN1C(=O)C1(CC1)c1ccc(Cl)cc1)S(=O)(=O)c1ccccc1Cl)C(=O)C(=O)NCCc1ccccc1	 30.2
CC[C@H](NC(=O)[C@@H]1C[C@H](CN1C(=O)C1(CC1)c1ccc(Cl)cc1)S(=O)(=O)c1ccccc1Cl)C(=O)C(=O)NCCc1cccc2ccccc12	 68.8
CC[C@H](NC(=O)[C@@H]1C[C@H](CN1C(=O)C1(CC1)c1ccc(Cl)cc1)S(=O)(=O)c1ccccc1Cl)C(=O)C(=O)NCCc1ccc2ccccc2c1	 172.4
CC[C@H](NC(=O)[C@@H]1C[C@H](CN1C(=O)C1(CC1)c1ccc(Cl)cc1)S(=O)(=O)c1ccccc1Cl)C(=O)C(=O)NCc1cccc2ccccc12	 385.5
CC[C@H](NC(=O)[C@@H]1C[C@H](CN1C(=O)C1(CC1)c1ccc(Cl)cc1)S(=O)(=O)c1ccccc1Cl)C(=O)C(=O)NC1CCOCC1	 188.4
CC[C@H](NC(=O)[C@@H]1C[C@H](CN1C(=O)C1(CC1)c1ccc(Cl)cc1)S(=O)(=O)c1ccccc1Cl)C(=O)C(=O)NCCOC	 85.4
CC[C@H](NC(=O)[C@@H]1C[C@H](CN1C(=O)C1(CC1)c1ccc(Cl)cc1)S(=O)(=O)c1ccccc1Cl)C(=O)C(=O)NCC(C)C	 61.6
CC[C@H](NC(=O)[C@@H]1C[C@H](CN1C(=O)C1(CC1)c1ccc(Cl)cc1)S(=O)(=O)c1ccc(cc1Cl)N1CCOCC1)C(=O)C(=O)NC1CC1	 101.1
CCC[C@H](NC(=O)[C@@H]1C[C@H](CN1C(=O)C1(CC1)c1ccc(Cl)cc1)S(=O)(=O)c1ccc(cc1Cl)N1CCOCC1)C(=O)C(=O)NC1CC1	 93.2
CC(C)[C@H](NC(=O)[C@@H]1C[C@H](CN1C(=O)C1(CC1)c1ncc(Cl)cc1F)S(=O)(=O)c1ccccc1Cl)C(=O)C(=O)NC1CC1	 323.4
CC(C)C[C@H](NC(=O)[C@@H]1C[C@H](CN1C(=O)C1(CC1)c1ncc(Cl)cc1F)S(=O)(=O)c1ccccc1Cl)C(=O)C(=O)NC1CC1	 518.5
CCCCNC(=O)C(=O)[C@H](CC)NC(=O)[C@@H]1C[C@H](CN1C(=O)C1(CC1)c1ncc(Cl)cc1F)S(=O)(=O)c1ccccc1Cl	 354.1
CCCCNC(=O)C(=O)[C@H](CCC)NC(=O)[C@@H]1C[C@H](CN1C(=O)C1(CC1)c1ncc(Cl)cc1F)S(=O)(=O)c1ccccc1Cl	 172.2
CCC[C@H](NC(=O)[C@@H]1C[C@H](CN1C(=O)C1(CC1)c1ncc(Cl)cc1F)S(=O)(=O)c1ccccc1Cl)C(=O)C(=O)NCc1ccccc1	 120
CCC[C@H](NC(=O)[C@@H]1CCCN1C(=O)[C@@H](NC(=O)[C@@H](NC(=O)[C@@H](CC(O)=O)NC(=O)[C@H](CC(O)=O)NC(C)=O)[C@@H](C)CC)C(C)C)C(=O)C(F)(F)C(F)(F)F	 416000
CCC[C@H](NC(=O)[C@@H]1CCCN1C(=O)[C@@H](NC(=O)[C@@H](NC(=O)[C@@H](CC(O)=O)NC(=O)[C@H](CC(O)=O)NC(C)=O)[C@@H](C)CC)C(C)C)C=O	 9500
CC(C)C[C@H](NC(=O)[C@H]1O[C@@H]1C(O)=O)C(=O)NCCCCN=C(N)N	 16
CC(C)C[C@H](NC(=O)[C@H]1O[C@@H]1C(O)=O)C(=O)NCCCCN=C(N)N	 10
CC(C)C[C@H](NC(=O)[C@H](CCc1ccccc1)NC(=O)CN1CCOCC1)C(=O)N[C@@H](Cc1ccccc1)C(=O)N[C@@H](CC(C)C)C(=O)[C@@]1(C)CO1	 11000
CC(NC(=O)[C@H](CC(=O)N(C)C)NC(=O)[C@@H](NC(=O)CC(C)(C)C)C(C)(C)C)C(=O)c1nc2ccccc2s1	 19000
CC(NC(=O)[C@H](CC(=O)N(C)C)NC(=O)[C@@H](NC(=O)CC(C)(C)C)C(C)(C)C)C(=O)c1nc2ncccc2o1	 59000
CC(NC(=O)[C@H](CC(=O)N(C)C)NC(=O)[C@@H](NC(=O)CC(C)(C)C)C(C)(C)C)C(=O)c1nc2ccc(C)cc2o1	 225000
CS(=O)(=O)N1CCC[C@@H]1C(=O)N[C@@H](Cc1ccccc1)C=O	 3000
CS(=O)(=O)N1CCC[C@H]1C(=O)N[C@@H](Cc1ccccc1)C=O	 883
Cc1ccc(cc1)S(=O)(=O)N1CCC[C@@H]1C(=O)N[C@@H](Cc1ccccc1)C=O	 3600
O=C[C@H](Cc1ccccc1)NC(=O)[C@@H]1C[C@H](CN1S(=O)(=O)c1ccccc1)OS(=O)(=O)c1ccccc1	 38
O=C[C@H](Cc1ccccc1)NC(=O)[C@@H]1CCCN1S(=O)(=O)c1ccccc1	 1400
CS(=O)(=O)N[C@H](COCc1ccccc1)C(=O)N[C@@H](Cc1ccccc1)C=O	 42
Cc1ccc(cc1)S(=O)(=O)N1C[C@@H](C[C@H]1C(=O)N[C@@H](Cc1ccccc1)C=O)C#N	 8700
CCC[C@H](NC(=O)[C@@H]1CCCN1C(=O)[C@@H](NC(=O)[C@@H](NC(=O)[C@H](CC(O)=O)NC(=O)[C@H](CC(O)=O)NC(C)=O)[C@@H](C)CC)C(C)C)C(=O)C(=O)NCc1ccccc1	 100000
CCC[C@H](NC(=O)[C@@H]1CCCN1C(=O)[C@@H](NC(=O)[C@@H](NC(=O)[C@@H](CC(O)=O)NC(=O)[C@H](CC(O)=O)NC(C)=O)[C@@H](C)CC)C(C)C)C(=O)C(=O)NCc1ccccc1	 172000
N#CN1CC(C1)OCC1CCCCC1	 500
N#CN1CCC1	 2000
N#CN1Cc2cc3ccccc3nc2C1	 2300
N#CN1CC(C1)OCc1ccccc1	 500
O=C(NC1CCN(C1)C#N)c1ccccc1	 4200
O=S(=O)(NCC1CCN(C1)C#N)c1ccccc1	 1500
O=S(=O)(NC1CCN(C1)C#N)c1ccccc1	 1400
N#CN1CCC(COCc2ccccc2)C1	 1100
N#CN1CCCC1	 15000
O=C(NC1CCN(C1)C#N)OCc1ccccc1	 200
O=C(NC1CCN(C1)C#N)c1ccc(cc1)-c1ccccc1	 300
O=S(=O)(NCC1CN(C1)C#N)c1ccccc1	 300
O=C(NCC1CCCN1C#N)c1ccccc1	 75000
O=C(NCC1CN(C1)C#N)c1ccccc1	 250
O=C(NCC1CN(C1)C#N)C1CCCCC1	 150
Cc1cccc(C[C@H](NC(=O)c2ccccc2)C(=O)N[C@@H](COCc2cccc(c2)C(O)=O)C#N)c1	 9.4
Cc1cccc(C[C@H](NC(=O)C(c2ccccc2)c2ccccc2)C(=O)N[C@@H](COCc2ccc(cc2)C(O)=O)C#N)c1	 30.7
O=C(NCC#N)[C@H](Cc1ccccc1)NC(=O)C(c1ccccc1)c1ccccc1	 496
Cc1cccc(C[C@H](NC(=O)c2ccc(Cl)c(Cl)c2)C(=O)NCC#N)c1	 31.3
Cc1cccc(C[C@H](NC(=O)C(c2ccccc2)c2ccccc2)C(=O)NCC#N)c1	 87
Ic1cccc(C[C@H](NC(=O)C(c2ccccc2)c2ccccc2)C(=O)NCC#N)c1	 121
Cc1cccc(C[C@H](NC(=O)C(c2ccccc2)c2ccccc2)C(=O)N[C@@H](COCc2cccc(CO)c2)C#N)c1	 29
COC(=O)c1cccc(COC[C@H](NC(=O)[C@H](Cc2cccc(C)c2)NC(=O)C(c2ccccc2)c2ccccc2)C#N)c1	 47
Cc1cccc(C[C@H](NC(=O)C(c2ccccc2)c2ccccc2)C(=O)N[C@@H](CCCc2cccc(c2)C(O)=O)C#N)c1	 18
CCCCC(=O)N[C@@H](Cc1cccc(C)c1)C(=O)N[C@@H](COCc1cccc(c1)C(O)=O)C#N	 35.7
CCc1cccc(C[C@H](NC(=O)C(c2ccccc2)c2ccccc2)C(=O)NCC#N)c1	 136
Cc1cccc(C[C@H](NC(=O)C(c2ccccc2)c2ccccc2)C(=O)N[C@@H](COCc2cccc(c2)C(O)=O)C#N)c1	 5
Cc1cccc(C[C@H](NC(=O)c2ccc(F)cc2F)C(=O)N[C@@H](COCc2ccccc2)C#N)c1	 42
Cc1cccc(C[C@H](NC(=O)C(c2ccccc2)c2ccccc2)C(=O)NCC#N)c1	 45
Cc1cccc(C[C@H](NC(=O)c2ccc(F)cc2F)C(=O)N[C@@H](COCc2cccc(c2)C(O)=O)C#N)c1	 6.8
Clc1cccc(C[C@H](NC(=O)C(c2ccccc2)c2ccccc2)C(=O)NCC#N)c1	 130
O=C(N[C@@H](Cc1ccccc1)C(=O)NCC#N)OCc1ccccc1	 62000
Cc1cccc(C[C@H](NC(=O)c2ccc(Cl)cc2)C(=O)NCC#N)c1	 308
Cc1cccc(C[C@H](NC(=O)c2ccc(Cl)cc2F)C(=O)NCC#N)c1	 72
Cc1cccc(C[C@H](NC(=O)c2ccc(Cl)cc2F)C(=O)N[C@@H](COCc2cccc(c2)C(O)=O)C#N)c1	 2
Cc1cncc(C[C@H](NC(=O)C(c2ccccc2)c2ccccc2)C(=O)NCC#N)c1	 652.0
Cc1cccc(C[C@H](NC(=O)C(c2ccccc2)c2ccccc2)C(=O)N[C@@H](COCc2ccccc2)C#N)c1	 10.2
Cc1cccc(C[C@H](NC(=O)c2ccc(F)cc2F)C(=O)N[C@@H](CCCc2cccc(c2)C(O)=O)C#N)c1	 110
Cc1cccc(C[C@H](NC(=O)c2ccc(F)cc2F)C(=O)NCC#N)c1	 591
Cc1cccc(C[C@H](NC(=O)C(c2ccccc2)c2ccccc2)C(=O)N[C@@H](CC#Cc2cccc(c2)C(O)=O)C#N)c1	 5.6
CCCCC(=O)N[C@@H](Cc1cccc(C)c1)C(=O)NCC#N	 3000
Cc1cccc(C[C@H](NC(=O)c2ccccc2)C(=O)NCC#N)c1	 1900
Cc1cccc(C[C@H](NC(=O)c2ccc(Cl)cc2F)C(=O)N[C@@H](COCc2ccccc2)C#N)c1	 16.9
Cc1cccc(C[C@H](NC(=O)C(c2ccccc2)c2ccccc2)C(=O)N[C@@H](COCc2cccc(c2)C(O)=O)C#N)c1	 1.8
O=C(Cc1ccccc1)N[C@@H](Cc1ccccc1)C(=O)NCC#N	 34000
Cc1cc(CN)cc(C[C@H](NC(=O)C(c2ccccc2)c2ccccc2)C(=O)NCC#N)c1	 358
Cc1cccc(C[C@H](NC(=O)C(c2ccccc2)c2ccccc2)C(=O)N[C@@H](CCOc2cccc(c2)C(O)=O)C#N)c1	 138
Cc1cc(C)cc(C[C@H](NC(=O)C(c2ccccc2)c2ccccc2)C(=O)NCC#N)c1	 11.9
O=C(N[C@@H](Cc1ccccc1)C(=O)N[C@H]1[C@@H]2OCCN2C1=O)OCc1ccccc1	 12200
CC(C)[C@H](NC(=O)OCc1ccccc1)C(=O)N[C@H]1[C@H]2OCCN2C1=O	 30000
O=C(N[C@@H](Cc1ccccc1)C(=O)N[C@H]1[C@H]2OCCN2C1=O)OCc1ccccc1	 1760
O=C(N[C@@H](Cc1ccccc1)C(=O)N[C@H]1[C@@H]2N(CCS2(=O)=O)C1=O)OCc1ccccc1	 6010
O=C(N[C@@H](Cc1ccccc1)C(=O)N[C@H]1[C@H]2N(CCS2(=O)=O)C1=O)OCc1ccccc1	 350
O=C(N[C@@H](Cc1ccccc1)C(=O)N[C@H]1[C@H]2N(CCS2=O)C1=O)OCc1ccccc1	 16400
O=C(N[C@@H](CC1CCCCC1)C(=O)N[C@H]1[C@H]2N(CCS2(=O)=O)C1=O)OCc1ccccc1	 430.0
O=C(N[C@@H](Cc1ccc2ccccc2c1)C(=O)N[C@H]1[C@H]2N(CCS2(=O)=O)C1=O)OCc1ccccc1	 390
O=C(N[C@@H](Cc1cccnc1)C(=O)N[C@H]1[C@H]2N(CCS2(=O)=O)C1=O)OCc1ccccc1	 1300
O=C(N[C@@H](Cc1cccs1)C(=O)N[C@H]1[C@H]2N(CCS2(=O)=O)C1=O)OCc1ccccc1	 430.0
Fc1cccc(C[C@H](NC(=O)OCc2ccccc2)C(=O)N[C@H]2[C@H]3N(CCS3(=O)=O)C2=O)c1	 1000
CC(C)C[C@@H](NC(=O)[C@@H](NS(=O)(=O)c1ccc(F)cc1)C(C)C)C=O	 78
CC(C)[C@H](NC(=O)[C@H](C)NC(=O)[C@@H](NC(=O)c1ccccc1)C(C)(C)C)C(=O)C(N)=O	 20
CC(C)[C@H](NC(=O)[C@H](C)NC(=O)[C@@H](NC(=O)c1ccccc1)C(C)(C)C)C(=O)C(=O)NC1CC1	 417
CC(C)C(NC(=O)[C@H](C)NC(=O)[C@H](Cc1ccccc1)NC(=O)c1ccccc1)C(=O)C(=O)NC1CCOCC1	 311
[O-]C=O.CC(C)[C@H](NC(=O)[C@H](C)NC(=O)[C@@H](NC(=O)C1CC[N+](C)(C)CC1)C(C)(C)C)C(=O)C(=O)NCc1ccccc1	 274
CC(C)[C@H](NC(=O)[C@H](C)NC(=O)[C@@H](NC(=O)C1CCN(C)CC1)C(C)(C)C)C(=O)C(=O)NCc1ccccc1	 283
CC(C)[C@H](NC(=O)[C@H](C)NC(=O)[C@@H](NC(=O)c1ccncc1)C(C)(C)C)C(=O)C(=O)NC1CCCCC1	 231
CC(C)[C@H](NC(=O)[C@H](C)NC(=O)[C@@H](N1Cc2ccccc2C1=O)C(C)(C)C)C(=O)C(=O)NCc1ccccc1	 429
CC(C)[C@H](NC(=O)[C@H](C)NC(=O)[C@@H](NC(=O)c1ccnc2ccccc12)C(C)(C)C)C(=O)C(=O)NCc1ccccc1	 3404
CC(C)[C@H](NC(=O)[C@H](C)NC(=O)[C@@H](NC(=O)c1ccnc2ccccc12)C(C)(C)C)C(=O)C(=O)NC1CCCCC1	 628
CC(C)[C@H](NC(=O)[C@H](C)NC(=O)[C@@H](NC(=O)c1cccc2ccccc12)C(C)(C)C)C(=O)C(=O)NC1CCCCC1	 721
CCC[C@H](NC(=O)[C@H](Cc1ccccc1)NC(=O)c1ccccc1)C(=O)N[C@@H](C(C)C)C(=O)C(=O)NC1CCCCC1	 67
CC(C)[C@H](NC(=O)[C@H](C)NC(=O)[C@@H](NC(=O)c1ccccc1)C(C)(C)c1ccccc1)C(=O)C(=O)NCc1ccccc1	 446
CC(C)[C@H](NC(=O)[C@H](C)NC(=O)[C@@H](NC(=O)c1ccccc1)C(C)(C)C)C(=O)C(=O)NC1CCCCC1	 378
CC(C)[C@H](NC(=O)[C@H](C)NC(=O)[C@H](Cc1ccccc1)NC(=O)c1ccccc1)C(=O)C(=O)NCc1ccccc1	 50
CC(C)C(NC(=O)[C@H](C)NC(=O)[C@H](Cc1ccccc1)NC(=O)c1ccccc1)C(=O)C(=O)NC1CCCCC1	 52
CNC(=O)C(=O)[C@@H](NC(=O)[C@H](C)NC(=O)[C@@H](NC(=O)c1ccccc1)C(C)(C)C)C(C)C	 494
CC(C)[C@H](NC(=O)[C@H](C)NC(=O)[C@@H](NC(=O)c1ccccc1)C(C)(C)C)C(=O)C(=O)NCc1ccccc1	 512
CC(C)[C@H](NC(=O)[C@H](C)NC(=O)[C@@H](NC(=O)c1ccccc1)C(C)(C)C)C(=O)C(=O)NCc1ccc(cc1)S(N)(=O)=O	 984
CC(C)[C@H](NC(=O)[C@H](C)NC(=O)[C@@H](NC(=O)c1ccccc1)C(C)(C)C)C(=O)C(=O)NCc1ccc(CN(C)C)cc1	 242
CC(C)[C@H](NC(=O)[C@H](C)NC(=O)[C@@H](NC(=O)c1ccccc1)C(C)(C)C)C(=O)C(=O)N[C@H](C)c1ccccc1	 459
CC(C)[C@H](NC(=O)[C@H](C)NC(=O)[C@@H](NC(=O)c1ccccc1)C(C)(C)C)C(=O)C(=O)NCc1cn[nH]c1	 367
CC(C)[C@H](NC(=O)[C@H](C)NC(=O)[C@H](Cc1ccccc1)NC(=O)c1ccccc1)C(=O)C(=O)NCC(=O)N1CCN(C)CC1	 544
CC(C)[C@H](NC(=O)[C@H](C)NC(=O)[C@H](Cc1ccccc1)NC(=O)c1ccccc1)C(=O)C(=O)NCC(=O)N1CCCCC1	 81
CC(C)[C@H](NC(=O)[C@H](C)NC(=O)[C@H](Cc1ccccc1)NC(=O)c1ccccc1)C(=O)C(=O)NCC(=O)N1CCOCC1	 88
CC(C)[C@H](NC(=O)[C@H](C)NC(=O)[C@@H](NC(=O)c1ccccc1)C(C)(C)C)C(=O)C(=O)NCC(=O)N1CCc2ccccc2C1	 511
CC(C)[C@H](NC(=O)[C@H](C)NC(=O)[C@H](Cc1ccccc1)NC(=O)c1cccc2ccccc12)C(=O)C(=O)NCC(=O)N1CCN(C)CC1	 540
CC(C)[C@H](NC(=O)[C@H](C)NC(=O)[C@@H](N1Cc2ccccc2C1=O)C(C)(C)C)C(=O)C(=O)NCc1ccc(cc1)S(N)(=O)=O	 3049
CNC(=O)c1ccc(CNC(=O)C(=O)[C@@H](NC(=O)[C@H](C)NC(=O)[C@@H](N2Cc3ccccc3C2=O)C(C)(C)C)C(C)C)cc1	 3571
CC(C)[C@H](NC(=O)[C@H](C)NC(=O)[C@@H](N1Cc2ccccc2C1=O)C(C)(C)C)C(=O)C(=O)NCc1ccc(CN(C)C)cc1	 2847
CC(C)[C@H](NC(=O)[C@H](C)NC(=O)[C@@H](NC(=O)c1cccc2ccccc12)C(C)(C)C)C(=O)C(=O)NCc1ccc(cc1)S(N)(=O)=O	 532
CCCC[C@H](NC(=O)[C@H](C)NC(=O)[C@H](Cc1ccccc1)NC(=O)c1ccccc1)C(=O)C(=O)NC1CCCCC1	 16
CCCC[C@H](NC(=O)[C@H](C)NC(=O)[C@H](Cc1ccccc1)NC(=O)c1ccccc1)C(=O)C(=O)NC1CCCCC1	 17
Cc1cccc(C[C@H](Nc2ccc3COC(=O)c3c2)C(=O)N[C@@H](COCc2cccc(c2)-n2cnnn2)C#N)c1	 5
Cc1cccc(C[C@H](Nc2ccccc2)C(=O)N[C@@H](COCc2ccc(F)c(c2)C(O)=O)C#N)c1	 12.2
Cc1cccc(C[C@H](Nc2ccc3CCC(=O)c3c2)C(=O)N[C@@H](COCc2cccc(c2)C(O)=O)C#N)c1	 5.3
Cc1cccc(C[C@H](Nc2ccc3COC(=O)c3c2)C(=O)N[C@@H](COCc2ccc(F)c(c2)C(O)=O)C#N)c1	 4.1
CN1C(=O)c2ccc(N[C@@H](Cc3cccc(C)c3)C(=O)N[C@@H](COCc3cccc(c3)C(O)=O)C#N)cc2C1=O	 4.9
Cc1cccc(C[C@H](Nc2cccc(c2)S(C)(=O)=O)C(=O)N[C@@H](COCc2cccc(c2)C(O)=O)C#N)c1	 13.3
COC(=O)c1cccc(N[C@@H](Cc2cccc(C)c2)C(=O)N[C@@H](COCc2cccc(c2)C(O)=O)C#N)c1	 8.6
Cc1cccc(C[C@H](Nc2ccc3COC(=O)c3c2)C(=O)N[C@@H](COCc2cccc(c2)C(O)=O)C#N)c1	 6.5
Cc1cccc(C[C@H](Nc2ccccc2)C(=O)N[C@@H](COCc2cccc(c2)C(O)=O)C#N)c1	 49
CN1Cc2ccc(N[C@@H](Cc3cccc(C)c3)C(=O)N[C@@H](COCc3cccc(c3)C(O)=O)C#N)cc2C1=O	 9.3
Cc1cccc(C[C@H](Nc2ccccc2)C(=O)N[C@@H](COCc2ccc(cc2)C(O)=O)C#N)c1	 282
Cc1cccc(C[C@H](Nc2ccc3c(c2)C(=O)OC3(C)C)C(=O)N[C@@H](COCc2cccc(c2)C(O)=O)C#N)c1	 5.3
Cc1cccc(C[C@H](Nc2ccccc2)C(=O)N[C@@H](COCc2ccc(Cl)c(c2)C(O)=O)C#N)c1	 8.7
Cc1cccc(C[C@H](Nc2ccccc2)C(=O)N[C@@H](COCc2ccccc2)C#N)c1	 194
Cc1cccc(C[C@H](Nc2ccccc2)C(=O)N[C@@H](COCc2cccc(c2)-n2cnnn2)C#N)c1	 16.5
OC(=O)c1cccc(COC[C@H](NC(=O)[C@H](Cc2ccccc2)Nc2ccccc2)C#N)c1	 832
CC(C)C[C@H](NC(=O)[C@H]1O[C@@H]1C(O)=O)C(=O)NCCCCN=C(N)N	 40
CC1(C)CCc2c(O)c(C(=O)CCc3ccc4OC5(C)CCCC(C)(C)C5Cc4c3)c(O)cc2O1	 8500
CC1(C)CCc2cc(CCC(=O)c3c(O)cc4OC(C)(C)CCc4c3O)ccc2O1	 14900
CN1C(N)=N[C@@]2([C@H]3OCCC[C@@H]3Oc3ccc(cc23)-c2cccnc2F)C1=O	 2400
CN1C(N)=N[C@@]2([C@@H]3OCCC[C@H]3Oc3ccc(cc23)-c2cccnc2F)C1=O	 13000
CN1C(N)=N[C@@]2([C@H]3OCCC[C@]3(C)Oc3ccc(cc23)-c2cccnc2F)C1=O	 6600
CN1C(N)=N[C@@]2([C@@H]3OCCC[C@@]3(C)Oc3ccc(cc23)-c2cccnc2F)C1=O	 1800
C[C@]12CCCO[C@@H]1[C@]1(COC(N)=N1)c1cc(ccc1O2)-c1cccnc1F	 33000
C[C@@]12CCCO[C@H]1[C@]1(COC(N)=N1)c1cc(ccc1O2)-c1cccnc1F	 10000
C[C@]12CCCO[C@@H]1[C@]1(CSC(N)=N1)c1cc(ccc1O2)-c1cccnc1F	 24000
C[C@]12CCCO[C@@H]1[C@]1(COC(N)=N1)c1cc(ccc1O2)-c1cncc(Cl)c1	 110000
C[C@]12CCCO[C@@H]1[C@]1(CSC(N)=N1)c1cc(ccc1O2)-c1cncc(Cl)c1	 58000
C[C@]12CCCO[C@@H]1[C@]1(COC(N)=N1)c1cc(ccc1O2)-c1cc(F)cc(Cl)c1	 29000
C[C@]12CCCO[C@@H]1[C@]1(CSC(N)=N1)c1cc(ccc1O2)-c1cc(F)cc(Cl)c1	 34000
C[C@]12CCCO[C@@H]1[C@]1(COC(N)=N1)c1cc(ccc1O2)-c1cccc(c1)C#N	 82000
C[C@]12CCCO[C@@H]1[C@]1(COC(N)=N1)c1cc(ccc1O2)-c1cccc(c1)C#N	 58000
C[C@]12CCCO[C@@H]1[C@]1(CSC(N)=N1)c1cc(ccc1O2)-c1cccc(c1)C#N	 28000
C[C@]12CCCO[C@@H]1[C@]1(CSC(N)=N1)c1cc(ccc1O2)-c1cncnc1	 64000
CN(C)CCOc1ccc(cc1C(=O)C(C)(C)c1cc(Cl)cc(Cl)c1)C(=O)NCc1ccnc(n1)C#N	 81000
COc1ccc(cc1C(=O)C(C)(C)c1cc(Cl)cc(Cl)c1)C(=O)NCc1ccnc(n1)C#N	 8100
CCCC[C@H](NC(=O)OC1(Cc2ccccc2)CCCCC1)C=O	 12000
CCCC[C@H](NC(=O)O[C@@H](C)Cc1ccccc1)C=O	 460
CCCC[C@H](NC(=O)OC1(Cc2ccccc2)CCC1)C=O	 3400
CCCC[C@H](NC(=O)OC(CC)(CC)Cc1ccccc1)C=O	 2200
CCCC[C@H](NC(=O)O[C@@H](CC)Cc1ccccc1)C=O	 72
CCCC[C@H](NC(=O)O[C@@H](C)CC1CCCCC1)C=O	 400
CCCC[C@H](NC(=O)OC1(Cc2ccccc2)CCCC1)C=O	 810
CC(C)C[C@@H](C(=O)NCC#N)c1cccc(c1)-c1ccc(cc1)N1CCNCC1	 3950
CC(C)C[C@H](Nc1cscc1-c1ccc(cc1)N1CCNCC1)C(=O)NCC#N	 123
CC(C)C[C@H](Nc1cscc1Br)C(=O)NCC#N	 158
CC(C)C[C@H](Nc1cccc(c1)-c1ccc(cc1)N1CCNCC1)C(=O)NCC#N	 93
CC(C)C[C@H](Nc1ccc(cc1)-c1ccc(cc1)N1CCNCC1)C(=O)NCC#N	 26
CC(C)C[C@H](Nc1ccccc1-c1ccc(cc1)N1CCNCC1)C(=O)NCC#N	 1812
CCCC[C@H](NC(=O)OCC1(Cc2ccccc2)CCC1)C(=O)C(=O)N[C@H](C)c1ccccc1	 3600
CCCC[C@H](NC(=O)OCC(C)(C)c1ccccc1)C(=O)C(=O)N[C@H](C)c1ccccc1	 5000
[O-]C(=O)CC(S[Au])C([O-])=O	 150000
CC[P+](CC)(CC)[Au-]S[C@@H]1O[C@H](COC(C)=O)[C@@H](OC(C)=O)[C@H](OC(C)=O)[C@H]1OC(C)=O	 250000
Cl[Au](Cl)Cl	 600
C[C@@H](CC1CCCCC1)OC(=O)C1CCCN1C#N	 310
C[C@@H](CC1CCCCC1)OC(=O)C1CCN1C#N	 2.4
C[C@@H](CC1CCCCC1)OC(=O)N[C@H]1CCN(C1)C#N	 680
CCCC[C@H](NC(=O)OC1C2(C)CCC(C2)C1(C)C)C(=O)C(=O)N[C@H](C)c1ccccc1	 12000
CCCC[C@H](NC(=O)O[C@@H]1C(=O)NCC1(C)C)C(=O)C(=O)N[C@H](C)c1ccccc1	 1400
CCCC[C@H](NC(=O)O[C@H](Cc1nnc(o1)-c1ccc(cc1)C(F)(F)F)C(C)(C)C)C(=O)C(=O)Nc1ccn[nH]1	 45000
CCCC[C@H](NC(=O)O[C@H](Cc1nnc(o1)-c1ccc(F)cc1)C(C)(C)C)C(=O)C(=O)N[C@H](C)c1ccccc1	 9800.0
CCCC[C@H](NC(=O)O[C@H](Cc1nnc(o1)-c1ccccc1)C(C)(C)CC)C(=O)C(=O)N[C@H](C)c1ccccc1	 56000
CCCC[C@H](NC(=O)O[C@H](Cc1nnc(o1)-c1ccc(cc1)C(F)(F)F)C(C)(C)C)C(=O)C(=O)NN1CCOC1=O	 5200
CCCC[C@H](NC(=O)O[C@H](Cc1nnc(o1)-c1ccc(F)cc1)C(C)(C)C)C(=O)C(=O)NCc1cccnc1	 18000
CCCC[C@H](NC(=O)O[C@H](Cc1nnc(o1)-c1ccc(cc1)C(F)(F)F)C(C)(C)C)C(=O)C(=O)N[C@H](C)c1ccccc1	 32000
CCCC[C@H](NC(=O)O[C@H](Cn1cc(cn1)-c1ccc(cc1)C(F)(F)F)C(C)(C)C)C(=O)C(=O)Nc1ccn[nH]1	 10000
CCCC[C@H](NC(=O)O[C@H](CN1CCN(C1=O)c1ccc(cc1)C(F)(F)F)C(C)(C)C)C(=O)C(=O)Nc1ccn[nH]1	 60000
CCCC[C@H](NC(=O)O[C@H](Cc1nnc(o1)-c1ccc(F)cc1)C(C)(C)C)C(=O)C(=O)Nc1ccn[nH]1	 3500000
CCCC[C@H](NC(=O)O[C@H](Cc1nnc(o1)-c1ccccc1)C(C)(C)C)C(=O)C(=O)N[C@H](C)c1ccccc1	 12000
CCCC[C@H](NC(=O)OC(Cc1nnc(o1)-c1ccc(F)cc1)C(C)(C)C)C(=O)C(=O)N[C@H]1CCCNC1=O	 6200
CCCC[C@H](NC(=O)O[C@H](Cn1cnc(c1)-c1ccc(cc1)C(F)(F)F)C(C)(C)C)C(=O)C(=O)Nc1nccs1	 870000
CCCC[C@H](NC(=O)O[C@H](Cn1ccc(n1)-c1ccc(cc1)C(F)(F)F)C(C)(C)C)C(=O)C(=O)Nc1ccn[nH]1	 20000
CCCC[C@H](NC(=O)O[C@H](Cn1ccc(n1)-c1ccc(cc1)C(F)(F)F)C(C)(C)C)C(=O)C(=O)NCc1ccno1	 870000
CCCC[C@H](NC(=O)O[C@H](Cc1nnc(o1)-c1ccccc1)C(C)C)C(=O)C(=O)N[C@H](C)c1ccccc1	 31000
CCCC[C@H](NC(=O)O[C@H](Cn1cnc(c1)-c1ccc(cc1)C(F)(F)F)C(C)(C)C)C(=O)C(=O)Nc1ccn[nH]1	 27000
CCCC[C@H](NC(=O)O[C@H](Cn1ccc(n1)-c1ccc(cc1)C(F)(F)F)C(C)(C)C)C(=O)C(=O)Nc1ccccn1	 107000
CC(C)C[C@H](N[C@@H](c1ccc(cc1)-c1ccc(cc1)N1CCNCC1)C(F)(F)F)C(=O)NCC#N	 1111
CC(C)C[C@@H](C(=O)NCC#N)c1cccc(c1)-c1ccc(cc1)N1CCNCC1	 3950
CN1CCN(CC1)c1nc(cs1)-c1ccc(cc1)C(=O)NC1(CCCCC1)C(=O)NCC#N	 1050
CC(C)C[C@H](Nc1cscc1-c1ccc(cc1)N1CCNCC1)C(=O)NCC#N	 123
O=C(NC1(CCCCC1)C(=O)NCC#N)c1ccc(cc1)-c1ccc(cc1)N1CCNCC1	 614
CC(C)C[C@H](NC(c1ccc(Br)cc1)C(F)(F)F)C(=O)NCC#N	 3353
CCCC[C@H](NC(=O)OC(C)(C)C)C=O	 32000
CCCC[C@H](NC(=O)OC1(Cc2ccccc2)CCCC1)C=O	 810
CCCC[C@H](NC(=O)O[C@@H](C)Cc1ccccc1)C=NNC(=O)N1CCOCC1	 270
CCCC[C@H](NC(=O)O[C@@H](C)Cc1ccccc1)C=O	 460
CCCC[C@H](NC(=O)OC(C)(C)C)C=NNC(=O)N1CCOCC1	 32000
CCCC[C@H](NC(=O)O[C@H](Cc1ccccc1)C(C)C)C=O	 27
CCCC[C@H](NC(=O)OC1(Cc2ccccc2)CCCC1)C=NN=C(O)N1CCc2ccccc12	 1800
CCCC[C@H](NC(=O)O[C@H](Cc1ccccc1)C(C)C)C=NNC(=O)N1CCOCC1	 18
CCCC[C@H](NC(=O)OC(C)(C)C)C=NN=C(O)N1CCc2ccccc12	 35000
CC(C)C[C@H](NC(=O)[C@H](C)NC(=O)[C@H](CCC(=O)OC(C)(C)C)NC(C)=O)\C=C\S(C)(=O)=O	 77000
CC[C@H](C)[C@H](NC(=O)OCc1ccccc1)C(=O)N[C@@H](CCCC(=O)OC(C)(C)C)C(=O)N[C@@H](C)C(=O)N[C@@H](CC(C)C)C=CS(C)(=O)=O	 18000
CC(C)C[C@H](NC(=O)[C@H](C)NC(=O)[C@H](CCC(=O)OC(C)(C)C)NS(=O)(=O)c1ccc(C)cc1)\C=C\S(C)(=O)=O	 13000
CC[C@H](C)[C@H](NC(=O)OCc1ccccc1)C(=O)N[C@@H](CCC(=O)OC(C)(C)C)C(=O)N[C@@H](C)C(=O)N[C@@H](CC(C)C)C=CS(C)(=O)=O	 29000
CC[C@H](C)[C@H](NC(=O)OCc1ccccc1)C(=O)N[C@@H](CCC(N)=O)C(=O)N[C@@H](C)C(=O)N[C@@H](CC(C)C)C=CS(C)(=O)=O	 54000
CC[C@H](C)[C@H](NC(=O)OCc1ccccc1)C(=O)N[C@@H](Cc1ccccc1)C(=O)N[C@@H](C)C(=O)N[C@@H](CC(C)C)C=CS(C)(=O)=O	 27000
CC(C)C[C@H](NC(=O)[C@H](C)NC(=O)[C@H](CC(C)C)NC(=O)[C@H](CCc1ccccc1)NC(C)=O)\C=C\S(C)(=O)=O	 1600
CC[C@H](C)[C@H](NC(=O)[C@H]([C@@H](C)CC)N(C)C(C)=O)C(=O)NC(=O)[C@@H](NC(CC(C)C)C(=O)[C@@]1(C)CO1)[C@@H](C)O	 120000
CC(C)C[C@H](NC(=O)[C@H](C)NC(=O)[C@H](CCC(=O)OC(C)(C)C)NC(=O)OCc1ccccc1)C=CS(C)(=O)=O	 20000
CC[C@H](C)[C@H](NC(=O)OCc1ccccc1)C(=O)N[C@@H](CCC(=O)NC(C)(C)C)C(=O)N[C@@H](C)C(=O)N[C@@H](CC(C)C)C=CS(C)(=O)=O	 51000
CC[C@H](C)[C@H](NC(=O)OCc1ccccc1)C(=O)N[C@@H](CCc1ccccc1)C(=O)N[C@@H](C)C(=O)N[C@@H](CC(C)C)C=CS(C)(=O)=O	 41000
CC[C@H](C)[C@H](NC(=O)OCc1ccccc1)C(=O)N[C@@H](CS(C)(=O)=O)C(=O)N[C@@H](C)C(=O)N[C@@H](CC(C)C)C=CS(C)(=O)=O	 140000
CC[C@H](C)[C@H](NC(=O)OCc1ccccc1)C(=O)N[C@@H](CC(C)C)C(=O)N[C@@H](C)C(=O)N[C@@H](CC(C)C)C=CS(C)(=O)=O	 5800
CC(C)C[C@H](NC(=O)[C@H](Cc1ccccc1)NC(=O)[C@H](CC(C)C)NC(=O)[C@H](CCc1ccccc1)NC(C)=O)\C=C\S(C)(=O)=O	 850
CC[C@H](C)[C@H](NC(=O)OCc1ccccc1)C(=O)N1CCC[C@H]1C(=O)N[C@@H](C)C(=O)N[C@@H](CC(C)C)C=CS(C)(=O)=O	 23000
CC[C@H](C)[C@H](NC(=O)OCc1ccccc1)C(=O)N[C@@H](COCc1ccccc1)C(=O)N[C@@H](C)C(=O)N[C@@H](CC(C)C)C=CS(C)(=O)=O	 38000
CCCC(CCC)S(=O)(=O)C[C@@H](NC(=O)OCc1cccnc1)C(=O)N[C@@H](Cc1cc(F)cc(F)c1)[C@H](O)CNCc1cccc(CC)c1	 369
CCCC(CCC)S(=O)(=O)C[C@@H](NC(=O)c1ccc(cc1)C(F)(F)F)C(=O)N[C@@H](Cc1cc(F)cc(F)c1)[C@H](O)CNCc1cccc(CC)c1	 316
CCCC(CCC)S(=O)(=O)C[C@@H](NC(=O)OCc1ccccc1)C(=O)N[C@@H](Cc1cc(F)cc(F)c1)[C@H](O)CNCc1cccc(CC)c1	 20
CCCCS(=O)(=O)C[C@@H](NC(=O)C1CC1)C(=O)N[C@@H](Cc1cc(F)cc(F)c1)[C@H](O)CNCc1cccc(CC)c1	 446
CCCCS(=O)(=O)C[C@@H](NC(=O)c1cnccc1O)C(=O)N[C@@H](Cc1cc(F)cc(F)c1)[C@H](O)CNCc1cccc(CC)c1	 770
CCCCS(=O)(=O)C[C@@H](NC(C)=O)C(=O)N[C@@H](Cc1cc(F)cc(F)c1)[C@H](O)CNCc1cccc(CC)c1	 360
CCCCS(=O)(=O)C[C@@H](NC(=O)OCc1ccncc1)C(=O)N[C@@H](Cc1cc(F)cc(F)c1)[C@H](O)CNCc1cccc(CC)c1	 383
CCCCS(=O)(=O)C[C@@H](NC(=O)OCC(F)(F)F)C(=O)N[C@@H](Cc1cc(F)cc(F)c1)[C@H](O)CNCc1cccc(CC)c1	 19
CCCC(CCC)S(=O)(=O)C[C@@H](NC(=O)c1cccc(O)c1)C(=O)N[C@@H](Cc1cc(F)cc(F)c1)[C@H](O)CNCc1cccc(CC)c1	 150
CCCCS(=O)(=O)C[C@@H](NC(=O)SC1CCOC1)C(=O)N[C@@H](Cc1cc(F)cc(F)c1)[C@H](O)CNCc1cccc(CC)c1	 436
CCCCS(=O)(=O)C[C@@H](NC(=O)c1ccncc1)C(=O)N[C@@H](Cc1cc(F)cc(F)c1)[C@H](O)CNCc1cccc(CC)c1	 1260
CCCC(CCC)S(=O)(=O)C[C@@H](NC(=O)c1cccc(Cl)c1)C(=O)N[C@@H](Cc1cc(F)cc(F)c1)[C@H](O)CNCc1cccc(CC)c1	 271
CCCCS(=O)(=O)C[C@@H](NC(=O)c1cccnc1)C(=O)N[C@@H](Cc1cc(F)cc(F)c1)[C@H](O)CNCc1cccc(CC)c1	 474
CCCC(CCC)S(=O)(=O)C[C@@H](NC(=O)c1ccccc1)C(=O)N[C@@H](Cc1cc(F)cc(F)c1)[C@H](O)CNCc1cccc(CC)c1	 495
CCCC(CCC)S(=O)(=O)C[C@@H](NC(=O)OC)C(=O)N[C@@H](Cc1cc(F)cc(F)c1)[C@H](O)CNCc1cccc(CC)c1	 126
CCCCS(=O)(=O)CC(NC(=O)OCCC#N)C(=O)N[C@@H](Cc1cc(F)cc(F)c1)[C@H](O)CNCc1cccc(CC)c1	 205
CCCCS(=O)(=O)C[C@@H](NC(=O)c1cc(C)n[nH]1)C(=O)N[C@@H](Cc1cc(F)cc(F)c1)[C@H](O)CNCc1cccc(CC)c1	 341
CCCC(CCC)S(=O)(=O)C[C@@H](NC(=O)c1ccc(C)cc1)C(=O)N[C@@H](Cc1cc(F)cc(F)c1)[C@H](O)CNCc1cccc(CC)c1	 396
CCCC(CCC)S(=O)(=O)C[C@@H](NC(=O)OCc1ccncc1)C(=O)N[C@@H](Cc1cc(F)cc(F)c1)[C@H](O)CNCc1cccc(CC)c1	 158
CCCCS(=O)(=O)C[C@@H](NC(=O)c1cnccn1)C(=O)N[C@@H](Cc1cc(F)cc(F)c1)[C@H](O)CNCc1cccc(CC)c1	 133
CCCCS(=O)(=O)C[C@@H](NC(=O)OCc1cccnc1)C(=O)N[C@@H](Cc1cc(F)cc(F)c1)[C@H](O)CNCc1cccc(CC)c1	 444
CCCCS(=O)(=O)C[C@@H](NC(=O)c1ncc[nH]1)C(=O)N[C@@H](Cc1cc(F)cc(F)c1)[C@H](O)CNCc1cccc(CC)c1	 606
CCCC(CCC)S(=O)(=O)C[C@@H](NC(=O)c1cccnc1)C(=O)N[C@@H](Cc1cc(F)cc(F)c1)[C@H](O)CNCc1cccc(CC)c1	 186
CCCCS(=O)(=O)C[C@@H](NC(=O)COC)C(=O)N[C@@H](Cc1cc(F)cc(F)c1)[C@H](O)CNCc1cccc(CC)c1	 1535
CCCCS(=O)(=O)C[C@@H](NC(=O)OCCNC(C)=O)C(=O)N[C@@H](Cc1cc(F)cc(F)c1)[C@H](O)CNCc1cccc(CC)c1	 935
CCCC(CCC)S(=O)(=O)C[C@@H](NC(=O)c1ccc(OC)cc1)C(=O)N[C@@H](Cc1cc(F)cc(F)c1)[C@H](O)CNCc1cccc(CC)c1	 320
CCCCS(=O)(=O)C[C@@H](NC(=O)OC)C(=O)N[C@@H](Cc1cc(F)cc(F)c1)[C@H](O)CNCc1cccc(CC)c1	 171
CCCC(CCC)S(=O)(=O)C[C@@H](NC(=O)c1ccccc1C)C(=O)N[C@@H](Cc1cc(F)cc(F)c1)[C@H](O)CNCc1cccc(CC)c1	 404
O=C1O[C@@H]2CN1CC[C@@H]2Oc1ccccc1	 5
O=C1O[C@@H]2CN1CC[C@@H]2OCc1ccccc1	 2
Cc1cccc(O[C@H]2CCN3C[C@H]2OC3=O)c1C	 1
CC(C)CO[C@H]1CCN2C[C@H]1OC2=O	 8
Cc1cccc(O[C@H]2CCN3C[C@@H]2OC3=O)c1C	 46
S=C1O[C@@H]2CN1CC[C@@H]2Oc1ccccc1	 519
Br[C@H]1CCN2C[C@@H]1OC2=O	 158
Nc1cc(OC(=O)c2ccco2)nn1S(=O)(=O)c1ccc(F)cc1	 1260
Nc1cc(OC(=O)c2cccs2)nn1S(=O)(=O)c1ccccc1	 250
Cc1ccc(cc1)S(=O)(=O)n1nc(OC(=O)c2ccco2)cc1N	 1750
Nc1cc(OC(=O)c2cccs2)nn1S(=O)(=O)c1ccc(F)cc1	 440
Cc1ccc(cc1)S(=O)(=O)n1nc(OC(=O)c2cccs2)cc1N	 1990
Nc1cc(OC(=O)c2cccs2)nn1S(=O)(=O)c1ccccc1	 1400
Nc1cc(OC(=O)c2cccs2)nn1S(=O)(=O)c1ccccc1	 1700
Nc1cc(OC(=O)c2cccs2)nn1S(=O)(=O)c1ccccc1	 5000
Nc1cc(OC(=O)c2cccs2)nn1S(=O)(=O)c1ccccc1	 700
Nc1cc(OC(=O)c2cccs2)nn1S(=O)(=O)c1ccccc1	 3200
Nc1cc(OC(=O)c2cccs2)nn1S(=O)(=O)c1ccccc1	 1800
Nc1cc(OC(=O)c2cccs2)nn1S(=O)(=O)c1ccccc1	 9000
Nc1cc(OC(=O)c2cccs2)nn1S(=O)(=O)c1ccccc1	 45400
COc1ccc(cc1)S(=O)(=O)n1nc(OC(=O)c2cccs2)cc1N	 690
CC(C)C(Nc1ccccc1)C(=O)N1CCCCN1C#N	 53
CC(C)C(NC(=O)OCc1ccccc1)C(=O)N1CCCCN1C#N	 11
CC(C)C(NC(=O)OC(C)(C)C)C(=O)N1CCCCN1C#N	 38
CC(C)C(Nc1cccc(C)c1)C(=O)N1CCCCN1C#N	 32
CC(C)C(Nc1cccc(c1)C#N)C(=O)N1CCCCN1C#N	 40
CC(C)C(Nc1cccc(c1)C(F)(F)F)C(=O)N1CCCCN1C#N	 23
CC(C)C(Nc1cccc(Cl)c1)C(=O)N1CCCCN1C#N	 32
CC(C)C(Nc1ccc(Cl)cc1)C(=O)N1CCCCN1C#N	 110
CC(C)CNc1nc(nc(N2CCNCC2)c1N)C#N	 6100
NC(=O)c1cn(-c2ccc(O)cc2)c2cc(ccc2c1=O)-c1ccncc1	 32000
NC(=O)c1cn(-c2ccc(O)cc2Cl)c2cc(ccc2c1=O)-c1ccncc1	 25000
CC(C)C[C@H](NC(=O)[C@H](CCS(=O)(=O)c1ccc2ccccc2c1)CC(C)C)C=O	 4500
CC(C)C[C@H](NC(=O)[C@@H](CCSc1ccc2ccccc2c1)CC(C)C)C=O	 60
CC(C)C[C@H](NC(=O)[C@@H](CCS(=O)(=O)c1ccc2ccccc2c1)CC(C)C)C=O	 150
CC(C)C[C@H](NC(=O)[C@@H](CCS(=O)c1ccc2ccccc2c1)CC(C)C)C=O	 60
CCOC(=O)C(C)=C=C(c1ccccc1)c1ccccc1	 2.32E5
OCCCn1cnc2c(NCc3cccc(c3)-c3cccs3)nc(nc12)C#N	 2500
OCCCn1cnc2c(NCc3cccc(c3)-c3cccnc3)nc(nc12)C#N	 3900
OCCCn1cnc2c(NCc3cccc(c3)-c3ccsc3)nc(nc12)C#N	 4000
OCCCn1cnc2c(NCc3cccc(c3)-c3ccco3)nc(nc12)C#N	 4700
OCCCn1cnc2c(NCc3cccc(c3)-c3ccccc3)nc(nc12)C#N	 8400
OCCCn1cnc2c(NCc3cccc(c3)-c3ccoc3)nc(nc12)C#N	 8600
OCCCn1cnc2c(NCc3cccc(c3)-c3ccc4[nH]ccc4c3)nc(nc12)C#N	 13000
OCCCn1cnc2c(NCc3cccc(c3)-c3ccc4cc[nH]c4c3)nc(nc12)C#N	 13000
Cc1ccc(cc1)C(=NNC(N)=S)c1cccc(Br)c1	 5690
NC(=S)NN=C(c1cccc(Br)c1)c1cc(cc(c1)C(F)(F)F)C(F)(F)F	 1590
FC(F)(F)c1cccc(c1)-c1cc(CCCN2CCCCC2)nc(n1)C#N	 4200
CCC(CC)NCCCc1cc(nc(n1)C#N)-c1cccc(c1)C(F)(F)F	 2340
CC(C)(C)NCCCc1cc(nc(n1)C#N)-c1cccc(c1)C(F)(F)F	 6457
N#Cc1nc(NC2CCCCC2)nc(n1)N1CCNCC1	 520
CCC[C@H](NC(=O)[C@@H]1[C@H]2CCC[C@H]2CN1C(=O)[C@@H](NC(=O)[C@@H](NC(=O)c1cnccn1)C1CCCCC1)C(C)(C)C)C(=O)C(=O)NC1CC1	 4400
CC(C)(NCCCc1cc(nc(n1)C#N)-c1cccc(c1)C(F)(F)F)C(N)=O	 2512
CC(=O)Oc1cccc(c1)C(=NNC(N)=S)c1cccc(Br)c1	 1600
NC(=S)NN=C(c1cccc(Br)c1)c1ccc(O)c(Br)c1	 9493
COc1ccc(cc1O)C(=NNC(N)=S)c1cc(OC)c(OC)c(OC)c1	 1424
CCC(NC(=O)c1cccc(c1Cl)C(F)(F)F)C(=O)C(=O)Nc1ccn[nH]1	 5754
CC(NC(=O)c1ccc(OCc2ccccn2)c(c1Cl)C(F)(F)F)C(=O)C(=O)Nc1ccn(C)n1	 15136
CCC(NC(=O)c1ccc(OCc2ccccn2)c(c1Cl)C(F)(F)F)C(=O)C(=O)Nc1ccn(C)n1	 3236
CC(C)(F)C[C@H](N[C@@H](c1ccc(cc1)-c1ccc(cc1)S(C)(=O)=O)C(F)(F)F)C(=O)N[C@@H](Cc1ccccc1)C#N	 122
CC(C)(F)C[C@H](N[C@@H](c1ccc(cc1)-c1ccc(cc1)S(C)(=O)=O)C(F)(F)F)C(=O)NCC#N	 312
CC(C)(F)C[C@H](N[C@@H](c1ccc(cc1)-c1ccc(cc1)S(C)(=O)=O)C(F)(F)F)C(=O)N[C@@H](CC(F)(F)F)C#N	 668
CC(C)(F)C[C@H](N[C@@H](c1ccc(cc1)-c1ccc(cc1)S(C)(=O)=O)C(F)(F)F)C(=O)N[C@@H](CCc1ccccc1)C#N	 397
CC(C)(F)C[C@H](N[C@@H](c1ccc(cc1)-c1ccc(cc1)S(C)(=O)=O)C(F)(F)F)C(=O)N[C@@H](Cc1ccncc1)C#N	 79
CC(C)(F)C[C@H](N[C@@H](c1ccc(cc1)-c1ccc(cc1)S(C)(=O)=O)C(F)(F)F)C(=O)N[C@@H](Cc1ccc(cc1F)C#N)C#N	 9
CC(C)(F)C[C@H](N[C@@H](c1ccc(cc1)-c1ccc(cc1)S(C)(=O)=O)C(F)(F)F)C(=O)N[C@H](Cc1ccc(cc1F)C#N)C#N	 260
CC(C)(F)C[C@H](N[C@@H](c1ccc(cc1)-c1ccc(cc1)C1(CC1)C(N)=O)C(F)(F)F)C(=O)N[C@@H](Cc1ccccc1)C#N	 27
CC(C)(F)C[C@H](N[C@@H](c1ccc(cc1)-c1ccc(cc1)C1(CC1)C(=O)N1CCOCC1)C(F)(F)F)C(=O)N[C@@H](Cc1ccccc1)C#N	 64
CC(C)(F)C[C@H](N[C@@H](c1ccc(cc1)-c1ccc(cc1)[C@@H](O)C(F)F)C(F)(F)F)C(=O)N[C@@H](Cc1ccccc1)C#N	 48
CC(C)(F)C[C@H](N[C@@H](c1ccc(cc1)-c1ccc(cc1)-c1ccncc1)C(F)(F)F)C(=O)N[C@@H](Cc1ccccc1)C#N	 54
CC(C)(F)C[C@H](N[C@@H](c1ccc(cc1)-c1cn[nH]c1)C(F)(F)F)C(=O)N[C@@H](Cc1ccccc1)C#N	 59
CC(C)C[C@H](N[C@@H](c1ccc(cc1)-c1ccc(cc1)S(C)(=O)=O)C(F)(F)F)C(=O)N[C@@H](Cc1ccccc1)C#N	 163
CS(=O)(=O)c1ccc(cc1)-c1ccc(cc1)[C@H](N[C@@H](CC1CC1)C(=O)N[C@@H](Cc1ccccc1)C#N)C(F)(F)F	 231
CS(=O)(=O)c1ccc(cc1)-c1ccc(cc1)[C@H](N[C@@H](CC(Cl)Cl)C(=O)N[C@@H](Cc1ccccc1)C#N)C(F)(F)F	 383
CS(=O)(=O)c1ccc(cc1)-c1ccc(cc1)[C@H](N[C@@H](Cc1ccccc1)C(=O)N[C@@H](Cc1ccccc1)C#N)C(F)(F)F	 577
CC(C)[C@H](N[C@@H](c1ccc(cc1)-c1ccc(cc1)S(C)(=O)=O)C(F)(F)F)C(=O)N[C@@H](Cc1ccccc1)C#N	 433
CS(=O)(=O)c1ccc(cc1)-c1ccc(cc1)[C@H](N[C@@H](C1CC1)C(=O)N[C@@H](Cc1ccccc1)C#N)C(F)(F)F	 68
CC(C)[C@H](N[C@@H](c1ccc(cc1)-c1ccc(cc1)S(C)(=O)=O)C(F)(F)F)C(=O)N[C@@H](Cc1ccc(cc1F)C#N)C#N	 143
CC(C)[C@H](N[C@@H](c1ccc(cc1)-c1ccc(cc1)C1(CC1)C(N)=O)C(F)(F)F)C(=O)N[C@@H](Cc1ccc(cc1F)C#N)C#N	 41
CC(C)[C@H](N[C@@H](c1ccc(cc1)-c1ccc(cc1)[C@@H](O)C(F)F)C(F)(F)F)C(=O)N[C@@H](Cc1ccc(cc1F)C#N)C#N	 87
CC(C)(C)NC(=O)N[C@H](C(=O)N1C[C@H]2[C@@H]([C@H]1C(=O)NC(CC1CCC1)C(=O)C(N)=O)C2(C)C)C(C)(C)C	 6200
CCC[C@H](NC(=O)[C@@H]1[C@H]2CCC[C@H]2CN1C(=O)[C@@H](NC(=O)[C@@H](NC(=O)c1cnccn1)C1CCCCC1)C(C)(C)C)C(=O)C(=O)NC1CC1	 2300
COc1ccc2c(O[C@@H]3C[C@H](N(C3)C(=O)[C@@H](NC(=O)OC3CCCC3)C(C)(C)C)C(=O)N[C@@]3(C[C@H]3C=C)C(O)=O)cc(nc2c1Br)-c1csc(NC(=O)C(C)C)n1	 26000
COc1ccc(C[C@H](NC(=O)[C@H](Cc2ccccc2)NC(=O)OCc2ccccc2)C(O)=O)cc1	 97.70
CC(C)C[C@H](NC(C)=O)C(=O)N[C@@H](CC(C)C)C(=O)N[C@@H](CCCNC(N)=N)C(O)=O	 117
C[C@H](NC(=O)[C@H](Cc1ccccc1)NC(=O)OCc1ccccc1)C(O)=O	 45.10
OC(=O)[C@H](Cc1ccccc1)NC(=O)[C@H](Cc1ccccc1)NC(=O)OCc1ccccc1	 69.7
CCCCOc1ccc(C[C@H](NC(=O)[C@H](Cc2ccccc2)NC(=O)OCc2ccccc2)C(O)=O)cc1	 836
OC(=O)[C@H](Cc1ccc(O)cc1)NC(=O)[C@H](Cc1ccccc1)NC(=O)OCc1ccccc1	 85.10
CC(C)C[C@H](NC(=O)[C@H](Cc1ccccc1)NC(=O)OCc1ccccc1)C(O)=O	 17.7
COC(=O)CC(NC(=O)[C@@H](NC(=O)OCc1ccccc1)C(C)C)C(=O)CF	 300
CC[C@@H](C)[C@H](NS(=O)(=O)c1cccc2ccccc12)C(=O)N[C@H](Cc1c[nH]c2ccccc12)C=O	 1500
CC[C@@H](C)[C@H](NS(=O)(=O)c1ccc(C)cc1)C(=O)N[C@H](Cc1c[nH]c2ccccc12)C=O	 110
CC[C@@H](C)[C@H](NC(=S)Nc1cccc2ccccc12)C(=O)N[C@H](Cc1c[nH]c2ccccc12)C=O	 310
CCC(C)[C@H](NS(=O)(=O)c1cccc2ccccc12)C(=O)N[C@@H](C)C=O	 480
CC[C@@H](C)[C@H](NC(=O)NC(C)C)C(=O)N[C@H](Cc1c[nH]c2ccccc12)C=O	 580
O=C[C@H](Cc1c[nH]c2ccccc12)NC(=O)C1CCCCC1	 780
CC(C)C[C@H](NC(C)=O)C(=O)N[C@@H](CC(C)C)C(=O)N[C@@H](CCCNC(N)=N)C(O)=O	 9.4
CC[C@@H](C)[C@H](NC(=O)c1ccccc1)C(=O)N[C@H](Cc1c[nH]c2ccccc12)C=O	 52
CC[C@@H](C)[C@H](NC(=S)NCc1ccccc1)C(=O)N[C@H](Cc1c[nH]c2ccccc12)C=O	 410
CC[C@@H](C)[C@H](NC(=O)OCc1ccccc1)C(=O)N[C@H](Cc1c[nH]c2ccccc12)C=O	 530
CC[C@@H](C)[C@H](NC(=O)Nc1ccccc1C(F)(F)F)C(=O)N[C@H](Cc1c[nH]c2ccccc12)C=O	 220
CC(C)[C@H](NS(=O)(=O)c1cccc2ccccc12)C(=O)N[C@H](Cc1c[nH]c2ccccc12)C=O	 30
CC[C@@H](C)[C@H](NC(=O)OC(C)(C)C)C(=O)N[C@H](Cc1c[nH]c2ccccc12)C=O	 460
CCC(C)[C@H](NS(=O)(=O)c1cccc2ccccc12)C(=O)N[C@@H](CC(C)C)C=O	 100
CC[C@@H](C)[C@H](NC(=S)Nc1ccccc1)C(=O)N[C@H](Cc1c[nH]c2ccccc12)C=O	 440
C[C@H](NS(=O)(=O)c1cccc2ccccc12)C(=O)N[C@H](Cc1c[nH]c2ccccc12)C=O	 530
CCC(C)[C@H](NS(=O)(=O)c1cccc2ccccc12)C(=O)N[C@H](C=O)C(C)C	 120
CCC(C)[C@H](NS(=O)(=O)c1cccc2ccccc12)C(=O)N[C@@H](Cc1ccc(O)cc1)C=O	 1300
COC(=O)C[C@H](NS(=O)(=O)c1cccc2ccccc12)C(=O)N[C@H](Cc1c[nH]c2ccccc12)C=O	 65
CC[C@@H](C)[C@H](NC(=O)Nc1cccc(C)c1)C(=O)N[C@H](Cc1c[nH]c2ccccc12)C=O	 270
CC[C@@H](C)[C@H](NS(=O)(=O)c1ccc2ccccc2c1)C(=O)N[C@H](Cc1c[nH]c2ccccc12)C=O	 23
O=C[C@@H](Cc1c[nH]c2ccccc12)NC(=O)[C@H](Cc1ccccc1)NS(=O)(=O)c1cccc2ccccc12	 3900
CC[C@@H](C)[C@H](NC(=O)NCc1ccccc1)C(=O)N[C@H](Cc1c[nH]c2ccccc12)C=O	 270
CCC(C)[C@H](NS(=O)(=O)c1cccc2ccccc12)C(=O)NCC=O	 3200
CC[C@@H](C)[C@H](NC(=O)Nc1cccc2ccccc12)C(=O)N[C@H](Cc1c[nH]c2ccccc12)C=O	 370
CCC(C)[C@H](NS(=O)(=O)c1cccc2ccccc12)C(=O)N[C@@H](Cc1ccccc1)C=O	 1400
Oc1ccc(C[C@H](NC(=O)[C@H](Cc2ccccc2)NC(=O)OCc2ccccc2)C=O)cc1	 85.10
CC(C)[C@H](NC(=O)OCc1ccccc1)C(=O)NC(Cc1ccccc1)C=O	 100
CCNC(=O)C(=O)[C@H](Cc1ccc(Cl)cc1)NC(=O)[C@@H](NC(=O)CCCCC1CCSS1)C(C)C	 100
CCNC(=O)C(=O)[C@H](Cc1ccc(Cl)cc1)NC(=O)[C@H](CC(C)C)NC(=O)CCCCC1CCSS1	 120
CCNC(=O)C(=O)[C@H](Cc1ccc(Br)cc1)NC(=O)[C@@H](NC(=O)CCCCC1CCSS1)C(C)C	 40
CCNC(=O)C(=O)C(Cc1ccc(Br)cc1)NC(=O)[C@H](CC(C)C)NC(=O)CCCCC1CCSS1	 650
CC(C)C[C@H](N[C@@H](c1ccc(cc1)-c1ccc(cc1)S(C)(=O)=O)C(F)(F)F)C(=O)NCC#N	 4807
CC(C)C[C@H](NC(=O)c1cc2ccccc2o1)C(=O)N[C@H]1CC[C@@H](C)N(CC1=O)S(=O)(=O)c1ccccn1	 14
CC(F)(F)C[C@H](N[C@@H](c1ccc(cc1)-c1ccc(cc1)S(C)(=O)=O)C(F)(F)F)C(=O)NC(C#N)(C1CC1)C1CC1	 100
CC(C)C[C@H](N[C@@H](c1ccc(cc1)-c1ccc(cc1)S(C)(=O)=O)C(F)(F)F)C(=O)NCC#N	 5239
CC(C)C[C@H](N[C@@H](c1ccc(cc1)-c1ccc(cc1)S(C)(=O)=O)C(F)(F)F)C(=O)N[C@@H](Cc1ccccc1)C#N	 953
CS(=O)(=O)c1ccc(cc1)-c1ccc(cc1)[C@H](N[C@@H](CC(Cl)Cl)C(=O)NC(C#N)(C1CC1)C1CC1)C(F)(F)F	 1528
CCCN1CCN(CC1)c1ccc(cc1)C(=O)NC1(CCCCC1)C(=O)NCC#N	 61
CS(=O)(=O)c1ccc(cc1)-c1ccc(cc1)[C@H](N[C@@H](CC(F)(F)F)C(=O)NC(C#N)(C1CC1)C1CC1)C(F)(F)F	 434
CC(C)C[C@H](N[C@@H](c1ccc(cc1)-c1ccc(cc1)S(C)(=O)=O)C(F)(F)F)C(=O)NC(C#N)c1ccccc1	 3453
CC(C)(F)C[C@H](N[C@@H](c1ccc(cc1)-c1ccc(cc1)S(C)(=O)=O)C(F)(F)F)C(=O)NC1(CC1)C#N	 1050
CC(C)(F)C[C@H](N[C@@H](c1ccc(cc1)-c1ccc(cc1)S(C)(=O)=O)C(F)(F)F)C(=O)NC1(CC1)C#N	 1034
CCCCOC(=O)c1ccccc1C(=O)OCCCC	 420000
CCCC[C@H](CC)COC(=O)c1ccccc1C(=O)OC[C@H](CC)CCCC	 380000
NC(=S)NN=C(c1cccs1)c1cc(cc(c1)C(F)(F)F)C(F)(F)F	 300
NC(=S)NN=C(CCc1ccccc1)c1cccc(F)c1	 22000
Cc1ccc(cc1)C(=NNC(N)=S)c1ccccc1	 13000
NC(=S)NN=C(CCc1ccccc1)c1cc(Cl)cc(Cl)c1	 4900
NC(=S)NN=C(CCc1ccccc1)c1cc(cc(c1)C(F)(F)F)C(F)(F)F	 3000
Cc1ccc(cc1)C(=NNC(N)=S)c1cc(cc(c1)C(F)(F)F)C(F)(F)F	 3300
Cc1ccc(cc1)C(=NNC(N)=S)c1cc(Cl)cc(Cl)c1	 1800
NC(=S)NN=C(c1cccs1)c1cc(Cl)cc(Cl)c1	 300
Cc1ccc(cc1)C(=NNC(N)=S)c1cccc(c1)C(F)(F)F	 210
NC(=S)NN=C(CCc1ccccc1)c1cccc(Cl)c1	 6000
Cc1ccc(cc1)C(=NNC(N)=S)c1cccc(F)c1	 4500
NC(=S)NN=C(C=Cc1ccccc1)c1cccc(c1)C(F)(F)F	 1700
CC(C)C[C@@H](NC(=O)N1CCOCC1)C(=O)N[C@H](CCc1ccccc1)C=CS(=O)(=O)c1ccccc1	 1360
CCC[C@H](NC(=O)C(CC(C)C)NC(=O)c1ccc(cc1)-c1ccc(I)cc1)C(=O)[CH-][N+]#N	 65
NCC(=O)N[C@@H](Cc1ccc(I)cc1)C(=O)[CH-][N+]#N	 2940
Cc1cc(C)cc(CC(NC(=O)C(c2ccccc2)c2ccccc2)C(=O)NCC#N)c1	 40
CS(=O)(=O)C[C@H](N[C@@H](c1ccc(Br)cc1)C(F)(F)F)C(=O)NC1(CC1)C#N	 280
CC(=O)c1c(Nc2ccc(Cl)cc2)nc2c(Cl)cc(cc2c1O)[N+]([O-])=O	 14.20
CC(=O)c1c(Nc2ccc(cc2)C(C)(C)C)nc2c(Cl)cc(cc2c1O)[N+]([O-])=O	 3.11
CC(=O)c1c(Nc2ccc(C)cc2Cl)nc2c(cc(Cl)cc2c1O)[N+]([O-])=O	 396.8
CC(=O)c1c(Nc2ccc(Cl)cc2Cl)nc2c(cc(Cl)cc2c1O)[N+]([O-])=O	 12690
CC(=O)c1c(Nc2ccc(Br)cc2)nc2c(Br)ccc(Br)c2c1O	 1640
CC(=O)c1c(O)c2c(Cl)ccc(Br)c2nc1Nc1ccc(Cl)cc1	 1530
CC(=O)c1c(Nc2ccc(Cl)cc2Cl)nc2c(Cl)ccc(Cl)c2c1O	 3890
CC(=O)c1c(O)c2c(C)ccc(Cl)c2nc1Nc1ccc(Br)cc1Br	 1750
CC(C)[C@H](NC(=O)OCc1ccccc1)C(=O)NC(Cc1ccccc1)C=O	 1360
CCCNC(=O)[C@H]1O[C@@H]1C(=O)N[C@@H]([C@@H](C)CC)C(=O)N1CCC[C@H]1C(O)=O	 7560
FCC(=O)C(Cc1ccccc1)NC(=O)[C@H](Cc1ccccc1)NC(=O)OCc1ccccc1	 680
CC(C)=CCC[C@]1(C)[C@@H](CC=C(C)C)C[C@@]2(CC=C(C)C)C(=O)C(C(=O)c3ccc(O)c(O)c3)C(=O)[C@]1(CC=C(C)C)C2=O	 2100
CC(C)=CC[C@H]1C[C@@]2(CC=C(C)C)C(=O)C(C(=O)c3ccccc3)C(=O)[C@](C=C(C)C)(C2=O)C1(C)C	 73700
CC(C)=CC[C@H]1C[C@@]2(CC=C(C)C)C(=O)C(C(=O)c3ccccc3)C(=O)[C@H](C2=O)C1(C)C	 103500
Oc1ccc(C(=O)c2ccccc2O)c(O)c1	 198000
O=C(c1ccccc1)c1ccccc1	 288800
CC(C)C[C@H](NC(C)=O)C(=O)N[C@@H](CC(C)C)C(=O)N[C@@H](CCCNC(N)=N)C(O)=O	 47
COC(=O)[C@@H]1CCCN1C(=O)[C@@H](Cc1ccccc1)N(C)C(=O)[C@H](C)NC(=O)[C@@H](NC(=O)C[C@H](O)[C@H](CC(C)C)NC(=O)[C@H](CC(N)=O)NC(=O)[C@H](CC(C)C)NC(=O)[C@H](OC(=O)[C@@H](OC(=O)[C@H](C(C)C)N(C)C)C(C)C)C(C)C)[C@@H](C)O	 10000
Clc1cccc(SC[C@@H]2CCCC[C@H]2C(=O)NCC#N)c1	 102000
O=C(NCC#N)[C@@H]1CCCC[C@H]1CSc1ccccc1	 5300
Fc1ccc(cc1)N1CCN(CC1)C(=O)[C@@H]1CCCC[C@H]1C(=O)NC1(CC1)C#N	 1000
O=C(NC1(CC1)C#N)[C@@H]1CCCC[C@H]1C(=O)N1CCN(CC1)c1nc2ccccc2s1	 1584.89
Cc1nc(sc1C)N1CCN(CC1)C(=O)[C@@H]1CCCC[C@H]1C(=O)NC1(CC1)C#N	 2511.89
CCc1csc(n1)N1CCN(CC1)C(=O)[C@@H]1CCCC[C@H]1C(=O)NC1(CC1)C#N	 3162.28
CC(C)(C)c1csc(n1)N1CCN(CC1)C(=O)[C@@H]1CCCC[C@H]1C(=O)NC1(CC1)C#N	 3162.28
FC(F)(F)c1csc(n1)N1CCN(CC1)C(=O)[C@@H]1CCCC[C@H]1C(=O)NC1(CC1)C#N	 6309.57
FC(F)(F)c1nc(sc1Cl)N1CCN(CC1)C(=O)[C@@H]1CCCC[C@H]1C(=O)NC1(CC1)C#N	 5011.87
O=C(NC1(CC1)C#N)[C@@H]1CCCC[C@H]1C(=O)N1CCN(CC1)c1nc(cs1)-c1ccccc1	 3981.07
O=C(NC1(CC1)C#N)[C@@H]1CCCC[C@H]1C(=O)N1CCN(CC1)c1ncc(s1)C#N	 3981.07
CC(C)(C#N)c1cnc(s1)N1CCN(CC1)C(=O)[C@@H]1CCCC[C@H]1C(=O)NC1(CC1)C#N	 5011.87
O=C(NC1(CC1)C#N)[C@@H]1CCCC[C@H]1C(=O)N1CCN(CC1)c1nc2ccncc2s1	 3981.07
O=C(NC1(CC1)C#N)[C@@H]1CCCC[C@H]1C(=O)N1CCN(CC1)c1nc2cnccc2s1	 3162.28
O=C(NC1(CC1)C#N)[C@@H]1CCCC[C@H]1C(=O)N1CCN(CC1)c1nc2CCCc2s1	 1995.26
O=C(NC1(CC1)C#N)[C@@H]1CCCC[C@H]1C(=O)N1CCN(CC1)c1nc2CCOCc2s1	 3162.28
CC1(C)COCc2sc(nc12)N1CCN(CC1)C(=O)[C@@H]1CCCC[C@H]1C(=O)NC1(CC1)C#N	 2511.89
CS(=O)(=O)c1ccc2nc(sc2c1)N1CCN(CC1)C(=O)[C@@H]1CCCC[C@H]1C(=O)NC1(CC1)C#N	 7943.28
O=C(NC1(CC1)C#N)[C@@H]1CCCC[C@H]1C(=O)N1CCN(CC1)c1nc(cs1)C1CC1	 5011.87
O=C(NC1(CC1)C#N)[C@@H]1CCCC[C@H]1C(=O)N1CCN(CC1)c1nc2ncccc2s1	 3981.07
O=C(NC1(CC1)C#N)[C@@H]1CCCC[C@H]1C(=O)N1CCN(CC1)c1nccs1	 2511.89
Cc1sc(nc1C(F)(F)F)N1CCN(CC1)C(=O)[C@@H]1CCCC[C@H]1C(=O)NC1(CC1)C#N	 5011.87
O=C(NC1(CC1)C#N)[C@@H]1CCCC[C@H]1C(=O)N1CCN(CC1)c1nc2cccnc2s1	 25118.86
CCCN1CCN(CC1)c1ccc(cc1)C(=O)NC1(CCCCC1)C(=O)NCC#N	 4750
CC(C)(C)[C@H](NC(=O)[C@@H]1CCCC[C@H]1C(=O)N1CCc2[nH]c3ccc(F)cc3c2C1)C#N	 31200
C[C@H](NC(=O)[C@@H]1CCCC[C@H]1C(=O)N1CCc2[nH]c3ccc(F)cc3c2C1)C#N	 73500
C[C@@H](NC(=O)[C@@H]1CCCC[C@H]1C(=O)N1CCc2[nH]c3ccc(F)cc3c2C1)C#N	 44900
Fc1ccc2[nH]c3CCN(Cc3c2c1)C(=O)[C@@H]1CCCC[C@H]1C(=O)NC1(CC1)C#N	 3520
Fc1ccc2[nH]c3CCN(Cc3c2c1)C(=O)[C@@H]1CCCC[C@H]1C(=O)NCC#N	 1420
O=C(NCC#N)[C@@H]1CCCC[C@H]1C(=O)N1CCN(CC1)c1ccccc1	 455
CN1CCN(CC1)C(=O)[C@@H]1CCCC[C@H]1C(=O)NCC#N	 7630
O=C(NCC#N)[C@@H]1CCCC[C@H]1C(=O)N1CCc2ccccc2C1	 712
O=C(NCC#N)[C@@H]1CCCC[C@H]1C(=O)N1CCCCC1	 8750
CN(C)C(=O)[C@@H]1CCCC[C@H]1C(=O)NCC#N	 9820
CC1(C)CN(CCN1C(=O)[C@@H]1CCCC[C@H]1C(=O)NC1(CC1)C#N)c1ccc(cc1)S(C)(=O)=O	 3510
CC1CN(C(C)CN1C(=O)[C@@H]1CCCC[C@H]1C(=O)NC1(CC1)C#N)c1ccc(cc1)S(C)(=O)=O	 40000
C[C@H]1CN(C[C@@H](C)N1C(=O)[C@@H]1CCCC[C@H]1C(=O)NC1(CC1)C#N)c1ccc(cc1)S(C)(=O)=O	 24900
C[C@H]1CN(CCN1C(=O)[C@@H]1CCCC[C@H]1C(=O)NC1(CC1)C#N)c1ccc(cc1)S(C)(=O)=O	 3430
C[C@@H]1CN(CCN1C(=O)[C@@H]1CCCC[C@H]1C(=O)NC1(CC1)C#N)c1ccc(cc1)S(C)(=O)=O	 977
C[C@@H]1CN(CCN1C(=O)[C@@H]1CCCC[C@H]1C(=O)NC1(CC1)C#N)c1ccc2n(C)nc(C)c2c1	 971
C[C@@H]1CN(CCN1C(=O)[C@@H]1CCCC[C@H]1C(=O)NC1(CC1)C#N)c1ccc2c(C)nn(C)c2c1	 766
C[C@@H]1CN(CCN1C(=O)[C@@H]1CCCC[C@H]1C(=O)NC1(CC1)C#N)c1ccc2c(C)noc2c1	 603
C[C@@H]1CN(CCN1C(=O)[C@@H]1CCCC[C@H]1C(=O)NC1(CC1)C#N)c1ccc2c(C)nnc(C)c2c1	 2940
COc1ccc(nc1OC)N1CCN([C@H](C)C1)C(=O)[C@@H]1CCCC[C@H]1C(=O)NC1(CC1)C#N	 1690
COc1cc(ccc1C1CC1)N1CCN([C@H](C)C1)C(=O)[C@@H]1CCCC[C@H]1C(=O)NC1(CC1)C#N	 1140
C[C@@H]1CN(CCN1C(=O)[C@@H]1CCCC[C@H]1C(=O)NC1(CC1)C#N)c1ccc2OCOc2c1	 645
CS(=O)(=O)c1ccc(cc1)N1CCN(CC1)C(=O)[C@@H]1CCCC[C@H]1C(=O)NC1(CC1)C#N	 2400
COc1ccc(cc1OC)N1CCN(CC1)C(=O)[C@@H]1CCCC[C@H]1C(=O)NC1(CC1)C#N	 3060
COc1ccc(cc1)N1CCN(CC1)C(=O)[C@@H]1CCCC[C@H]1C(=O)NC1(CC1)C#N	 1440
Fc1ccc(cc1)N1CCN(CC1)C(=O)[C@@H]1CCCC[C@H]1C(=O)NC1(CC1)C#N	 1090
O=C(NC1(CC1)C#N)[C@@H]1CCCC[C@H]1C(=O)N1CCN(CC1)c1ccccc1	 1440
CS(=O)(=O)c1ccc(cc1)N1CCN(CC1)C(=O)[C@@H]1CCCC[C@H]1C(=O)NCC#N	 1180
COc1ccc(cc1OC)N1CCN(CC1)C(=O)[C@@H]1CCCC[C@H]1C(=O)NCC#N	 1270
COc1ccc(cc1)N1CCN(CC1)C(=O)[C@@H]1CCCC[C@H]1C(=O)NCC#N	 399
Cc1ccc(cc1)N1CCN(CC1)C(=O)[C@@H]1CCCC[C@H]1C(=O)NCC#N	 572
Fc1ccc(cc1)N1CCN(CC1)C(=O)[C@@H]1CCCC[C@H]1C(=O)NCC#N	 315
O=C(NCC#N)[C@@H]1CCCC[C@H]1C(=O)N1CCN(CC1)c1ccccc1	 455
COc1ccc(cc1OC)N1CCN([C@H](C)C1)C(=O)[C@@H]1CCCC[C@H]1C(=O)NC1(CC1)C#N	 1850
C[C@@H]1CN(CCN1C(=O)[C@@H]1CCCC[C@H]1C(=O)NCC#N)c1ccccc1	 462
C[C@@H]1CN(CCN1C(=O)[C@@H]1CCCC[C@H]1C(=O)NC1(CC1)C#N)c1ccccc1	 649
CCCNC(=O)[C@H]1O[C@@H]1C(=O)N[C@@H]([C@@H](C)CC)C(=O)N1CCC[C@H]1C(=O)OC	 80
O[C@H](CN(Cc1ccccc1)C(=O)[CH-][N+]#N)[C@H](Cc1ccccc1)NC(=O)OCc1ccccc1	 2000
C[C@H](NC(=O)[C@H](Cc1ccccc1)NC(=O)OCc1ccccc1)C(=O)[CH-][N+]#N	 9400
CCC[C@H](NC(=O)[C@@H]1[C@H]2CCC[C@H]2CN1C(=O)[C@@H](NC(=O)[C@@H](NC(=O)c1cnccn1)C1CCCCC1)C(C)(C)C)C(=O)C(=O)NC1CC1	 210
Clc1cccc(C[C@H](NC(=O)c2ccccc2)C(=O)NCC#N)c1	 5011.87
Cc1cccc(C[C@H](NC(=O)c2cc(nn2C)C(C)(C)C)C(=O)NCC#N)c1	 3981.07
Cn1nc(cc1C(=O)N[C@@H](Cc1cccc(Cl)c1)C(=O)NCC#N)C(C)(C)C	 6309.57
Cn1cc(cn1)-c1cccc(CC(NC(=O)c2ccccc2)C(=O)NCC#N)c1	 6309.57
Cn1nccc1-c1cccc(CC(NC(=O)c2ccccc2)C(=O)NCC#N)c1	 7943.28
O=C(NCC#N)C(Cc1cccc(c1)-c1cccnc1)NC(=O)c1ccccc1	 7943.28
O=C(NCC#N)C(Cc1cccc(c1)-c1cn[nH]c1)NC(=O)c1ccccc1	 7943.28
O=C(NCC#N)C(Cc1cccc(c1)-c1cc[nH]n1)NC(=O)c1ccccc1	 5011.87
O=C(NCC#N)C(Cc1cccc(c1)-c1ccccn1)NC(=O)c1ccccc1	 6309.57
Cn1nc(cc1C(=O)NC(Cc1cccc(c1)-c1nnc(CN)o1)C(=O)NCC#N)C(C)(C)C	 3981.07
Cn1nc(cc1C(=O)NC(Cc1cccc(c1)-c1nnc(CCN)o1)C(=O)NCC#N)C(C)(C)C	 6309.57
O=C(NCC#N)C(Cc1cccc(c1)-c1cccnn1)NC(=O)c1ccccc1	 6309.57
O=S(=O)(N[C@H]1CCN(C1)C#N)c1ccccc1	 3981.07
Fc1ccc(cc1)C(=O)N[C@@H]1CCN(C1)C#N	 3981.07
O=C(N[C@@H]1CCN(C1)C#N)Nc1ccccc1	 1258.93
COc1ccc(OC)c(c1)S(=O)(=O)N[C@@H]1CCN(C1)C#N	 12589.25
Brc1cccc(c1)S(=O)(=O)N[C@@H]1CCN(C1)C#N	 6309.57
Brc1ccc(Br)c(c1)S(=O)(=O)N[C@@H]1CCN(C1)C#N	 1584.89
O=S(=O)(N[C@@H]1CCN(C1)C#N)c1ccccc1	 10000
N#CN1CCC(CCc2ccccc2)C1	 5011.87
