Cn1c2nc(N)ncc2cc(-c2c(Cl)cccc2Cl)c1=O	 1300
CC(=O)Nc1ncc2cc(-c3c(Cl)cccc3Cl)c(=O)n(C)c2n1	 5800
CNc1ncc2cc(-c3c(Cl)cccc3Cl)c(=O)n(C)c2n1	 2500
CCNc1ncc2cc(-c3c(Cl)cccc3Cl)c(=O)n(C)c2n1	 960
CC(C)Nc1ncc2cc(-c3c(Cl)cccc3Cl)c(=O)n(C)c2n1	 700
CCCCNc1ncc2cc(-c3c(Cl)cccc3Cl)c(=O)n(C)c2n1	 4480
Cn1c2nc(NC3CCCCC3)ncc2cc(-c2c(Cl)cccc2Cl)c1=O	 6800
Cn1c2nc(NCCO)ncc2cc(-c2c(Cl)cccc2Cl)c1=O	 1660
Cn1c2nc(NCc3ccccc3)ncc2cc(-c2c(Cl)cccc2Cl)c1=O	 14000
CCN(CC)CCCNc1ncc2cc(-c3c(Cl)cccc3Cl)c(=O)n(C)c2n1	 13900
Cn1c2nc(NCCCN3CCOCC3)ncc2cc(-c2c(Cl)cccc2Cl)c1=O	 1410
CN1CCN(CCCNc2ncc3cc(-c4c(Cl)cccc4Cl)c(=O)n(C)c3n2)CC1	 380
CN1CCN(CCCCNc2ncc3cc(-c4c(Cl)cccc4Cl)c(=O)n(C)c3n2)CC1	 320
CN1CCN(CCCCCNc2ncc3cc(-c4c(Cl)cccc4Cl)c(=O)n(C)c3n2)CC1	 240
Cn1c2nc(NCc3ccccn3)ncc2cc(-c2c(Cl)cccc2Cl)c1=O	 3210
Cn1c2nc(NCc3cccnc3)ncc2cc(-c2c(Cl)cccc2Cl)c1=O	 3150
Cn1c2nc(NCCc3ccccn3)ncc2cc(-c2c(Cl)cccc2Cl)c1=O	 6530
Cn1c2nc(NCCCCCC(O)=O)ncc2cc(-c2c(Cl)cccc2Cl)c1=O	 580
Cn1c2nc(Nc3ccccc3)ncc2cc(-c2c(Cl)cccc2Cl)c1=O	 460
CCn1c2nc(Nc3ccccc3)ncc2cc(-c2c(Cl)cccc2Cl)c1=O	 210
Cn1c2nc(Nc3cccnc3)ncc2cc(-c2c(Cl)cccc2Cl)c1=O	 150
COc1ccc(Nc2ncc3cc(-c4c(Cl)cccc4Cl)c(=O)n(C)c3n2)cn1	 540
Cn1c2nc(Nc3ccncc3)ncc2cc(-c2c(Cl)cccc2Cl)c1=O	 190
CCn1c2nc(Nc3ccncc3)ncc2cc(-c2c(Cl)cccc2Cl)c1=O	 110
Cn1c2nc(Nc3ccc(Cl)cc3)ncc2cc(-c2c(Cl)cccc2Cl)c1=O	 3000
Cn1c2nc(Nc3cccc(Br)c3)ncc2cc(-c2c(Cl)cccc2Cl)c1=O	 2400
Cc1ccc(Nc2ncc3cc(-c4c(Cl)cccc4Cl)c(=O)n(C)c3n2)cc1	 910
COc1ccccc1Nc1ncc2cc(-c3c(Cl)cccc3Cl)c(=O)n(C)c2n1	 3200
COc1cccc(Nc2ncc3cc(-c4c(Cl)cccc4Cl)c(=O)n(C)c3n2)c1	 370
COc1ccc(Nc2ncc3cc(-c4c(Cl)cccc4Cl)c(=O)n(C)c3n2)cc1	 410
Cn1c2nc(Nc3cccc(O)c3)ncc2cc(-c2c(Cl)cccc2Cl)c1=O	 180
Cn1c2nc(Nc3ccc(O)cc3)ncc2cc(-c2c(Cl)cccc2Cl)c1=O	 150
Cn1c2nc(Nc3cccc(CO)c3)ncc2cc(-c2c(Cl)cccc2Cl)c1=O	 80
COc1ccc(Nc2ncc3cc(-c4c(Cl)cccc4Cl)c(=O)n(C)c3n2)cc1C	 450
COc1cc(Nc2ncc3cc(-c4c(Cl)cccc4Cl)c(=O)n(C)c3n2)cc(OC)c1	 430
CCOC(=O)c1cccc(Nc2ncc3cc(-c4c(Cl)cccc4Cl)c(=O)n(C)c3n2)c1	 1500
CCOC(=O)c1ccc(Nc2ncc3cc(-c4c(Cl)cccc4Cl)c(=O)n(C)c3n2)cc1	 33600
CCOC(=O)CCCc1ccc(Nc2ncc3cc(-c4c(Cl)cccc4Cl)c(=O)n(C)c3n2)cc1	 2600
Cn1c2nc(Nc3ccc(OCCN)cc3)ncc2cc(-c2c(Cl)cccc2Cl)c1=O	 55
CCNCCOc1ccc(Nc2ncc3cc(-c4c(Cl)cccc4Cl)c(=O)n(C)c3n2)cc1	 66
CN(C)CCOc1ccc(Nc2ncc3cc(-c4c(Cl)cccc4Cl)c(=O)n(C)c3n2)cc1	 34
CN(C)CCCOc1ccc(Nc2ncc3cc(-c4c(Cl)cccc4Cl)c(=O)n(C)c3n2)cc1	 33
CCN(CC)CCOc1cccc(Nc2ncc3cc(-c4c(Cl)cccc4Cl)c(=O)n(C)c3n2)c1	 32
CCN(CC)CCOc1ccc(Nc2ncc3cc(-c4c(Cl)cccc4Cl)c(=O)n(C)c3n2)cc1	 43
CCN(CC)CCOc1ccc(Nc2ncc3cc(-c4c(Cl)cccc4Cl)c(=O)n(CC)c3n2)cc1	 30
CC[N+](C)(CC)CCOc1ccc(Nc2ncc3cc(-c4c(Cl)cccc4Cl)c(=O)n(C)c3n2)cc1	 40
CC[N+]([O-])(CC)CCOc1ccc(Nc2ncc3cc(-c4c(Cl)cccc4Cl)c(=O)n(C)c3n2)cc1	 46
Cn1c2nc(Nc3ccc(OCCN4CCCCC4)cc3)ncc2cc(-c2c(Cl)cccc2Cl)c1=O	 39
CN1CCN(CC1)c1ccc(Nc2ncc3cc(-c4c(Cl)cccc4Cl)c(=O)n(C)c3n2)cc1	 28
CN1CCN(Cc2ccc(Nc3ncc4cc(-c5c(Cl)cccc5Cl)c(=O)n(C)c4n3)cc2)CC1	 49
Cn1c2nc(Nc3cccc(c3)C(O)=O)ncc2cc(-c2c(Cl)cccc2Cl)c1=O	 110
Cn1c2nc(Nc3ccc(CC(O)=O)cc3)ncc2cc(-c2c(Cl)cccc2Cl)c1=O	 61
Cn1c2nc(Nc3ccc(CCCC(O)=O)cc3)ncc2cc(-c2c(Cl)cccc2Cl)c1=O	 110
CC(C)(C)NC(=O)Nc1nc2nc(N)ncc2cc1-c1c(Cl)cccc1Cl	 140
Nc1ncc2cc(c(N)nc2n1)-c1c(Cl)cccc1Cl	 3000
CCN(CC)CCCNc1ncc2cc(c(N)nc2n1)-c1c(Cl)cccc1Cl	 2400
CCN(CC)CCCNc1ncc2cc(c(NC(=O)NC(C)(C)C)nc2n1)-c1c(Cl)cccc1Cl	 82
Cc1cccc(C)c1-c1cc2cnc(N)nc2nc1N	 13000
Cc1cccc(C)c1-c1cc2cnc(N)nc2nc1NC(=O)NC(C)(C)C	 400
CCN(CC)CCCNc1ncc2cc(c(N)nc2n1)-c1c(C)cccc1C	 18000
CCN(CC)CCCNc1ncc2cc(c(NC(=O)NC(C)(C)C)nc2n1)-c1c(C)cccc1C	 340
Nc1ncc2cc(c(N)nc2n1)-c1c(Br)cccc1Br	 13000
CC(C)(C)NC(=O)Nc1nc2nc(N)ncc2cc1-c1c(Br)cccc1Br	 290
CCN(CC)CCCNc1ncc2cc(c(N)nc2n1)-c1c(Br)cccc1Br	 8300
CCN(CC)CCCNc1ncc2cc(c(NC(=O)NC(C)(C)C)nc2n1)-c1c(Br)cccc1Br	 190
Cc1cc(C)c(C)c(c1C)-c1cc2cnc(N)nc2nc1NC(=O)NC(C)(C)C	 710
COc1cc(OC)cc(c1)-c1cc2cnc(N)nc2nc1N	 230
COc1cc(OC)cc(c1)-c1cc2cnc(N)nc2nc1NC(=O)NC(C)(C)C	 48
CCNC(=O)Nc1nc2nc(NCCN(CC)CC)ncc2cc1-c1c(Cl)cccc1Cl	 1300
CCN(CC)CCNc1ncc2cc(c(NC(=O)NC(C)(C)C)nc2n1)-c1c(Cl)cccc1Cl	 1800
CCNC(=O)Nc1nc2nc(NCCCN(CC)CC)ncc2cc1-c1c(Cl)cccc1Cl	 130
CCN(CC)CCCNc1ncc2cc(c(NC(=O)NC(C)C)nc2n1)-c1c(Cl)cccc1Cl	 77
CCNC(=O)Nc1nc2nc(NCCCCN(CC)CC)ncc2cc1-c1c(Cl)cccc1Cl	 49
CCN(CC)CCCCNc1ncc2cc(c(NC(=O)NC(C)(C)C)nc2n1)-c1c(Cl)cccc1Cl	 48
CCN(CC)CCCCNc1ncc2cc(c(NC(=O)NC3CCCCC3)nc2n1)-c1c(Cl)cccc1Cl	 43
CCN(CC)CCCCNc1ncc2cc(c(NC(=O)Nc3ccccc3)nc2n1)-c1c(Cl)cccc1Cl	 110
CN(C)CCCNc1ncc2cc(c(NC(=O)NC(C)(C)C)nc2n1)-c1c(Cl)cccc1Cl	 75
CN(C)CCCN(C)c1ncc2cc(c(NC(=O)NC(C)(C)C)nc2n1)-c1c(Cl)cccc1Cl	 2000
CN(C)CC(C)(C)CNc1ncc2cc(c(NC(=O)NC(C)(C)C)nc2n1)-c1c(Cl)cccc1Cl	 210
CC(C)(C)NC(=O)Nc1nc2nc(NCCCN3CCOCC3)ncc2cc1-c1c(Cl)cccc1Cl	 72
CC1CCCCN1CCCNc1ncc2cc(c(NC(=O)NC(C)(C)C)nc2n1)-c1c(Cl)cccc1Cl	 60
CN1CCN(CCCNc2ncc3cc(c(N)nc3n2)-c2c(Cl)cccc2Cl)CC1	 450
CN1CCN(CCCNc2ncc3cc(c(NC(=O)NC(C)(C)C)nc3n2)-c2c(Cl)cccc2Cl)CC1	 51
CN1CCN(CCCCNc2ncc3cc(c(NC(=O)NC(C)(C)C)nc3n2)-c2c(Cl)cccc2Cl)CC1	 35
CN1CCN(CCCNc2ncc3cc(c(NC(N)=O)nc3n2)-c2c(Cl)cccc2Cl)CC1	 140
CCNC(=O)Nc1nc2nc(NCCCN3CCN(C)CC3)ncc2cc1-c1c(Cl)cccc1Cl	 53
CN1CCN(CCCNc2ncc3cc(c(NC(=O)NCC=C)nc3n2)-c2c(Cl)cccc2Cl)CC1	 35
CC(C)NC(=O)Nc1nc2nc(NCCCN3CCN(C)CC3)ncc2cc1-c1c(Cl)cccc1Cl	 34
CCCCCCCCNC(=O)Nc1nc2nc(NCCCN3CCN(C)CC3)ncc2cc1-c1c(Cl)cccc1Cl	 420
CN1CCN(CCCNc2ncc3cc(c(NC(=O)NCc4ccccc4)nc3n2)-c2c(Cl)cccc2Cl)CC1	 62
CN1CCN(CCCNc2ncc3cc(c(NC(=O)NC4CCCCC4)nc3n2)-c2c(Cl)cccc2Cl)CC1	 29
CN1CCN(CCCNc2ncc3cc(c(NC(=O)NC45CC6CC(CC(C6)C4)C5)nc3n2)-c2c(Cl)cccc2Cl)CC1	 120
CN1CCN(CCCNc2ncc3cc(c(NC(=O)NCCNC(=O)OC(C)(C)C)nc3n2)-c2c(Cl)cccc2Cl)CC1	 67
CN(C)CCNC(=O)Nc1nc2nc(NCCCN3CCN(C)CC3)ncc2cc1-c1c(Cl)cccc1Cl	 75
CCN(CC)C(=O)Nc1nc2nc(NCCCN3CCN(C)CC3)ncc2cc1-c1c(Cl)cccc1Cl	 5500
CN1CCN(CCCNc2ncc3cc(c(NC(=O)Nc4ccccc4)nc3n2)-c2c(Cl)cccc2Cl)CC1	 84
CN1CCN(CCCNc2ncc3cc(c(NC(=O)Nc4ccc(Cl)cc4)nc3n2)-c2c(Cl)cccc2Cl)CC1	 120
CN1CCN(CCCNc2ncc3cc(c(NC(=O)Nc4ccc(Br)cc4)nc3n2)-c2c(Cl)cccc2Cl)CC1	 110
CN1CCN(CCCNc2ncc3cc(c(NC(=O)Nc4ccc(cc4)C(F)(F)F)nc3n2)-c2c(Cl)cccc2Cl)CC1	 610
CN1CCN(CCCNc2ncc3cc(c(NC(=O)Nc4ccc(Cl)c(Cl)c4)nc3n2)-c2c(Cl)cccc2Cl)CC1	 600
CN1CCN(CCCNc2ncc3cc(c(NC(=O)Nc4ccc(C)cc4)nc3n2)-c2c(Cl)cccc2Cl)CC1	 110
COc1ccccc1NC(=O)Nc1nc2nc(NCCCN3CCN(C)CC3)ncc2cc1-c1c(Cl)cccc1Cl	 67
COc1cccc(NC(=O)Nc2nc3nc(NCCCN4CCN(C)CC4)ncc3cc2-c2c(Cl)cccc2Cl)c1	 63
COc1ccc(NC(=O)Nc2nc3nc(NCCCN4CCN(C)CC4)ncc3cc2-c2c(Cl)cccc2Cl)cc1	 74
CN1CCN(CCCNc2ncc3cc(c(NC(=O)Nc4cccc5ccccc45)nc3n2)-c2c(Cl)cccc2Cl)CC1	 300
CCN(CC)CCCNc1ncc2cc(c(NC(=O)CC(C)(C)C)nc2n1)-c1c(Cl)cccc1Cl	 27000
CCN(CC)CCCNc1ncc2cc(c(\N=C\N(C)C)nc2n1)-c1c(Cl)cccc1Cl	 10000
CCNC(=S)Nc1nc2nc(NCCCN(CC)CC)ncc2cc1-c1c(Cl)cccc1Cl	 260
CCNC(N)=Nc1nc2nc(NCCCN(CC)CC)ncc2cc1-c1c(Cl)cccc1Cl	 2700
CCN(CC)CCCCNc1ncc2cc(c(NC(=S)NCCCN3CCOCC3)nc2n1)-c1c(Cl)cccc1Cl	 130
CCCC(=O)Nc1nc2nc(NCCCN3CCN(C)CC3)ncc2cc1-c1c(Cl)cccc1Cl	 3700
CN1CCN(CCCNc2ncc3cc(c(NC(=O)CC(C)(C)C)nc3n2)-c2c(Cl)cccc2Cl)CC1	 8000
CN1CCN(CCCNc2ncc3cc(c(NC(=O)Cc4ccccc4)nc3n2)-c2c(Cl)cccc2Cl)CC1	 6800
CN1CCN(CCCNc2ncc3cc(c(NS(=O)(=O)c4ccccc4)nc3n2)-c2c(Cl)cccc2Cl)CC1	 68
CN1CCN(CCCNc2ncc3cc(c(N=C(N)Nc4ccccc4)nc3n2)-c2c(Cl)cccc2Cl)CC1	 2800
CC(C)NC(NC(C)C)=Nc1nc2nc(NCCCN3CCN(C)CC3)ncc2cc1-c1c(Cl)cccc1Cl	 2500
CN1CCN(CCCNc2ncc3cc(c(NC(=S)NC(C)(C)C)nc3n2)-c2c(Cl)cccc2Cl)CC1	 100
CN1CCN(CCCNc2ncc3cc(c(NC(=S)Nc4ccccc4)nc3n2)-c2c(Cl)cccc2Cl)CC1	 320
COc1cccc(c1)-n1cnc2ccccc12	 50000
Oc1cccc(c1)-n1cnc2ccccc12	 50000
Clc1cccc(c1)-n1cnc2ccccc12	 50000
[O-][N+](=O)c1cccc(c1)-n1cnc2ccccc12	 35000
O=Cc1cccc(c1)-n1cnc2ccccc12	 50000
Oc1ccc(cc1)-n1cnc2ccccc12	 5800
COC(=O)c1ccc(cc1)-n1cnc2ccccc12	 50000
Cc1ccc2n(cnc2c1)-c1ccccc1	 50000
COc1ccc2n(cnc2c1)-c1ccccc1	 22000
Oc1ccc2n(cnc2c1)-c1ccccc1	 6400
Clc1ccc2n(cnc2c1)-c1ccccc1	 51000
Clc1ccc2n(cnc2c1)-c1ccccc1	 28000
COC(=O)c1ccc2n(cnc2c1)-c1ccccc1	 6600
NC(=O)c1ccc2n(cnc2c1)-c1ccccc1	 10000
Nc1ccc2n(cnc2c1)-c1ccccc1	 36000
CC(=O)c1ccc2n(cnc2c1)-c1ccccc1	 14000
c1nc2cnccc2n1-c1ccccc1	 49000
OC(=O)c1ccc2ncn(-c3ccccc3)c2c1	 50000
[O-][N+](=O)c1ccc2ncn(-c3ccccc3)c2c1	 39000
COc1cccc2ncn(-c3ccccc3)c12	 50000
Oc1cccc2ncn(-c3ccccc3)c12	 50000
[O-][N+](=O)c1cccc2ncn(-c3ccccc3)c12	 40000
COc1ccc2n(cnc2c1)-c1cccs1	 5300
COc1ccc2n(cnc2c1)-c1ccsc1	 6500
Oc1ccc2n(cnc2c1)-c1ccccc1	 6400
COc1ccc2n(cnc2c1)-c1ccccc1	 22000
CCOc1ccc2n(cnc2c1)-c1ccccc1	 26000
CCCOc1ccc2n(cnc2c1)-c1ccccc1	 35000
CC(C)Oc1ccc2n(cnc2c1)-c1ccccc1	 50000
CCCCOc1ccc2n(cnc2c1)-c1ccccc1	 50000
C=CCOc1ccc2n(cnc2c1)-c1ccccc1	 35000
OCCCCOc1ccc2n(cnc2c1)-c1ccccc1	 25000
C(Oc1ccc2n(cnc2c1)-c1ccccc1)C1CO1	 18000
OCC(O)COc1ccc2n(cnc2c1)-c1ccccc1	 15000
NCCOc1ccc2n(cnc2c1)-c1ccccc1	 27000
CN(C)CCOc1ccc2n(cnc2c1)-c1ccccc1	 45000
CN(C)CCCOc1ccc2n(cnc2c1)-c1ccccc1	 4100
CN(C)CCCCOc1ccc2n(cnc2c1)-c1ccccc1	 6800
C(CN1CCOCC1)Oc1ccc2n(cnc2c1)-c1ccccc1	 28000
C(COc1ccc2n(cnc2c1)-c1ccccc1)CN1CCOCC1	 9800
C(CCN1CCOCC1)COc1ccc2n(cnc2c1)-c1ccccc1	 12000
COc1ccc2n(cnc2c1)-c1ccc(N)cc1	 18000
CSc1ccc2n(cnc2c1)-c1ccccc1	 27000
C(CSc1ccc2n(cnc2c1)-c1ccccc1)CN1CCOCC1	 24000
Oc1ccc2n(cnc2c1O)-c1ccccc1	 1900
COc1cc2ncn(-c3ccccc3)c2cc1OC	 25000
Oc1cc2ncn(-c3ccccc3)c2cc1O	 11000
C1Oc2cc3ncn(-c4ccccc4)c3cc2O1	 27000
OC(=O)c1cc2n(cnc2cc1O)-c1ccccc1	 22000
COC(=O)c1cc2n(cnc2cc1OC)-c1ccccc1	 50000
COc1cc2ncn(-c3ccccc3)c2cc1CO	 11000
COc1cc2ncn(-c3ccccc3)c2cc1C=O	 25000
Cn1c2nc(N)ncc2cc(-c2c(Cl)cccc2Cl)c1=O	 1300
CCn1c2nc(N)ncc2cc(-c2c(Cl)cccc2Cl)c1=O	 540
CCCn1c2nc(N)ncc2cc(-c2c(Cl)cccc2Cl)c1=O	 510
CCCCn1c2nc(N)ncc2cc(-c2c(Cl)cccc2Cl)c1=O	 580
CC(C)Cn1c2nc(N)ncc2cc(-c2c(Cl)cccc2Cl)c1=O	 500
COC(=O)Cn1c2nc(N)ncc2cc(-c2c(Cl)cccc2Cl)c1=O	 1700
CC(C)(C)OC(=O)Cn1c2nc(N)ncc2cc(-c2c(Cl)cccc2Cl)c1=O	 1700
Nc1ncc2cc(-c3c(Cl)cccc3Cl)c(=O)n(CC(O)=O)c2n1	 7900
Nc1ncc2cc(-c3c(Cl)cccc3Cl)c(=O)n(Cc3ccccc3)c2n1	 1400
Nc1ncc2cc(-c3c(Cl)cccc3Cl)c(=O)n(Cc3ccncc3)c2n1	 720
CN(C)CCCn1c2nc(N)ncc2cc(-c2c(Cl)cccc2Cl)c1=O	 880
Nc1ncc2cc(-c3c(Cl)cccc3Cl)c(=O)n(CCCOCc3ccccc3)c2n1	 3200
Nc1ncc2cc(-c3c(Cl)cccc3Cl)c(=O)n(CCCO)c2n1	 370
CCN(CC)CCOc1ccc(Nc2ncc3cc(-c4c(Cl)cccc4Cl)c(=O)n(C)c3n2)cc1	 43
Cn1c2nc(Nc3ccccc3)ncc2cc(-c2ccccc2)c1=O	 5000
Cn1c2nc(Nc3ccncc3)ncc2cc(-c2ccccc2)c1=O	 4700
Cn1c2nc(Nc3ccncc3)ncc2cc(-c2ccsc2)c1=O	 22600
CCN(CC)CCOc1ccc(Nc2ncc3cc(-c4ccccc4)c(=O)n(C)c3n2)cc1	 350
CCN(CC)CCOc1ccc(Nc2ncc3cc(-c4ccsc4)c(=O)n(C)c3n2)cc1	 2900
CCN(CC)CCOc1ccc(Nc2ncc3cc(-c4c(Cl)cccc4Cl)c(=O)n(CC)c3n2)cc1	 30
CCn1c2nc(Nc3ccccc3)ncc2cc(-c2ccccc2)c1=O	 1500
CCn1c2nc(Nc3ccncc3)ncc2cc(-c2ccccc2)c1=O	 1100
CCN(CC)CCOc1ccc(Nc2ncc3cc(-c4ccccc4)c(=O)n(CC)c3n2)cc1	 88
Cn1c2cc(N)ncc2cc(-c2c(Cl)cccc2Cl)c1=O	 380
CNc1cc2n(C)c(=O)c(cc2cn1)-c1c(Cl)cccc1Cl	 210
CCN(CC)CCNc1cc2n(C)c(=O)c(cc2cn1)-c1c(Cl)cccc1Cl	 33000
CCN(CC)CCCNc1cc2n(C)c(=O)c(cc2cn1)-c1c(Cl)cccc1Cl	 150
CCN(CC)CCCCNc1cc2n(C)c(=O)c(cc2cn1)-c1c(Cl)cccc1Cl	 80
CCN(CC)CCCCCNc1cc2n(C)c(=O)c(cc2cn1)-c1c(Cl)cccc1Cl	 80
CN1CCN(CCCNc2cc3n(C)c(=O)c(cc3cn2)-c2c(Cl)cccc2Cl)CC1	 170
CN1CCN(CCCCNc2cc3n(C)c(=O)c(cc3cn2)-c2c(Cl)cccc2Cl)CC1	 170
CN1CCN(CCCCCNc2cc3n(C)c(=O)c(cc3cn2)-c2c(Cl)cccc2Cl)CC1	 110
Cn1c2cc(NCCCN3CCOCC3)ncc2cc(-c2c(Cl)cccc2Cl)c1=O	 570
Cn1c2cc(NCCCCN3CCOCC3)ncc2cc(-c2c(Cl)cccc2Cl)c1=O	 230
Cn1c2cc(NCCCn3ccnc3)ncc2cc(-c2c(Cl)cccc2Cl)c1=O	 210
Cn1c2cc(Nc3ccccc3)ncc2cc(-c2c(Cl)cccc2Cl)c1=O	 2200
Cn1c2cc(Nc3ccncc3)ncc2cc(-c2c(Cl)cccc2Cl)c1=O	 3500
COc1ccc(Nc2cc3n(C)c(=O)c(cc3cn2)-c2c(Cl)cccc2Cl)cc1	 2200
CCN(CC)CCOc1ccc(Nc2cc3n(C)c(=O)c(cc3cn2)-c2c(Cl)cccc2Cl)cc1	 130
CCN(CC)CCCOc1ccc(Nc2cc3n(C)c(=O)c(cc3cn2)-c2c(Cl)cccc2Cl)cc1	 250
CN1CCN(CCOc2ccc(Nc3cc4n(C)c(=O)c(cc4cn3)-c3c(Cl)cccc3Cl)cc2)CC1	 210
CN1CCN(CCCOc2ccc(Nc3cc4n(C)c(=O)c(cc4cn3)-c3c(Cl)cccc3Cl)cc2)CC1	 120
CN1CCN(CC1)c1ccc(Nc2cc3n(C)c(=O)c(cc3cn2)-c2c(Cl)cccc2Cl)cc1	 42
Cn1c2cc(Nc3ccc(cc3)N3CCOCC3)ncc2cc(-c2c(Cl)cccc2Cl)c1=O	 8700
CCN(CC)C(=O)c1ccc(Nc2cc3n(C)c(=O)c(cc3cn2)-c2c(Cl)cccc2Cl)cc1	 1900
CCN(CC)CCCCNc1cc2[nH]c(=O)c(cc2cn1)-c1c(Cl)cccc1Cl	 170
CN1CCN(CCCNc2cc3[nH]c(=O)c(cc3cn2)-c2c(Cl)cccc2Cl)CC1	 72
CCN(CC)CCCOc1ccc(Nc2cc3[nH]c(=O)c(cc3cn2)-c2c(Cl)cccc2Cl)cc1	 440
Cn1c2nc(Nc3ccc(cc3)N3CCOCC3)ncc2cc(-c2c(Cl)cccc2Cl)c1=O	 100
CCN(CC)C(=O)c1ccc(Nc2ncc3cc(-c4c(Cl)cccc4Cl)c(=O)n(C)c3n2)cc1	 180
Nc1cc2nc(N)c(cc2cn1)-c1ccccc1	 17000
CCNC(=O)Nc1nc2cc(N)ncc2cc1-c1ccccc1	 1300
CC(C)(C)NC(=O)Nc1nc2cc(N)ncc2cc1-c1ccccc1	 1900
Nc1cc2nc(N)c(cc2cn1)-c1c(Cl)cccc1Cl	 2800
CCNC(=O)Nc1nc2cc(N)ncc2cc1-c1c(Cl)cccc1Cl	 150
CC(C)(C)NC(=O)Nc1nc2cc(N)ncc2cc1-c1c(Cl)cccc1Cl	 120
COc1cc(OC)cc(c1)-c1cc2cnc(N)cc2nc1N	 200
CNC(=O)Nc1nc2cc(N)ncc2cc1-c1cc(OC)cc(OC)c1	 95
CCNC(=O)Nc1nc2cc(N)ncc2cc1-c1cc(OC)cc(OC)c1	 29
COc1cc(OC)cc(c1)-c1cc2cnc(N)cc2nc1NC(=O)NC(C)(C)C	 42
COc1cc(OC)cc(c1)-c1cc2cnc(N)cc2nc1NC(=O)Nc1ccccc1	 510
COc1cc(OC)cc(c1)-c1cc2cnc(NC(C)=O)cc2nc1NC(=O)NC(C)(C)C	 25
COc1cc(OC)cc(c1)-c1cc2cnc(NC(=O)C(F)(F)F)cc2nc1N	 61
COc1cc(OC)cc(c1)-c1cc2cnc(NC(=O)NC(C)(C)C)cc2nc1NC(=O)NC(C)(C)C	 160
COc1cc(OC)cc(c1)-c1cc2cnc(NCCCN3CCOCC3)cc2nc1NC(=O)NC(C)(C)C	 31
COc1cc2ncnc(Nc3ccc(Cl)cc3F)c2cc1OC	 7000
COc1cc2ncnc(Nc3cccc(O)c3)c2cc1OC	 11000
COc1cc2ncnc(Nc3ccc(F)cc3F)c2cc1OC	 58000
COc1cc2ncnc(Nc3cc(O)c(C)cc3F)c2cc1OC	 2500
COCCOc1cc2ncnc(Nc3ccc(Cl)cc3F)c2cc1OC	 27000
COCCOc1cc2ncnc(Nc3cccc(O)c3)c2cc1OC	 7000
COCCOc1cc2ncnc(Nc3cc(O)c(Cl)cc3F)c2cc1OC	 7400
COCCOc1ccc2c(Nc3ccc(Cl)cc3F)ncnc2c1	 16000
COCCOc1cc2nccc(Nc3cc(O)c(Cl)cc3F)c2cc1OC	 1400
COCCOc1cc2nccc(Nc3ccc(Cl)cc3F)c2cc1OC	 9300
COCCOc1cc2nncc(Nc3ccc(Cl)cc3F)c2cc1OC	 14000
COc1cc2c(Nc3ccc(Cl)cc3F)ncnc2cc1OCCN1CCCC1	 9400
COc1cc2c(Nc3ccc(Cl)cc3F)ncnc2cc1OCCN1CCOCC1	 19000
COc1cc2c(Nc3ccc(Cl)cc3F)ncnc2cc1OCCCN1CCOCC1	 6700
COc1cc2c(Nc3ccc(Cl)cc3F)ncnc2cc1OCCCCN1CCOCC1	 1500
COc1cc2c(Nc3ccc(Cl)cc3F)ncnc2cc1OCCOCCN1CCOCC1	 20000
COc1cc2c(Nc3ccc(Cl)cc3F)ncnc2cc1OCCn1ccnc1	 2600
COc1cc2c(Nc3ccc(Cl)cc3F)ncnc2cc1OCCN(C)c1ccncc1	 1600
COc1cc2c(Nc3ccc(Cl)cc3F)ncnc2cc1OCCn1cncn1	 25000
COc1cc2c(Nc3ccc(Cl)cc3F)ncnc2cc1OCCn1ccnn1	 1800
COc1cc2c(Nc3ccc(Cl)cc3F)ncnc2cc1OC1CCN(C)CC1	 40000
COc1cc2c(Nc3c(F)cc(Br)cc3F)ncnc2cc1OCCn1ccnn1	 6100
COc1cc2c(Nc3ccc(cc3F)C#N)ncnc2cc1OCCn1ccnn1	 45000
COc1cc2c(Nc3ccc(Br)cc3F)ncnc2cc1OCC1CCN(C)CC1	 3600
COCCOc1cc2ncnc(Nc3ccc(Cl)cc3F)c2cc1OC	 27000
COc1cc2c(Nc3ccc(Cl)cc3F)ncnc2cc1OCCCN1CCN(C)CC1	 2100
COc1cc2c(Nc3ccc(Br)cc3F)ncnc2cc1OCCCN1CCN(C)CC1	 2000
COc1cc2c(Nc3ccc(Cl)cc3F)ncnc2cc1OCCN1CCN(C)CC1	 8000
COc1cc2c(Nc3ccc(Cl)cc3F)ncnc2cc1OCCCN1CCOCC1	 6700
COc1cc2c(Nc3ccc(Cl)cc3F)ncnc2cc1OCCN1CCOCC1	 19000
COc1cc2c(Nc3ccc(Cl)cc3F)ncnc2cc1OCCCN1CCCC1	 4200
COc1cc2c(Nc3ccc(Cl)cc3F)ncnc2cc1OC\C=C\CN1CCCC1	 1900
COc1cc2c(Nc3ccc(Br)cc3F)ncnc2cc1OC\C=C\CN1CCCC1	 2100
COc1cc2c(Nc3ccc(cc3F)C#N)ncnc2cc1OC\C=C\CN1CCCC1	 19000
COc1cc2c(Nc3ccc(Cl)cc3F)ncnc2cc1OCCN(C)c1ccncc1	 1600
COc1cc2c(Nc3ccc(Cl)cc3F)ncnc2cc1OC1CCN(C)CC1	 50000
COc1cc2c(Nc3ccc(Cl)cc3F)ncnc2cc1OCC1CCN(C)CC1	 4300
COc1cc2c(Nc3ccc(C)cc3F)ncnc2cc1OCC1CCN(C)CC1	 13500
COc1cc2c(Nc3cc(O)c(Cl)cc3F)ncnc2cc1OCC1CCN(C)CC1	 900
COc1cc2c(Nc3cc(O)c(C)cc3F)ncnc2cc1OCC1CCN(C)CC1	 1500
COc1cc2c(Nc3c(F)cc(Cl)cc3F)ncnc2cc1OCC1CCN(C)CC1	 1700
COc1cc2c(Nc3c(F)cc(Br)cc3F)ncnc2cc1OCC1CCN(C)CC1	 1500
COc1cc2c(Nc3ccc(Cl)cc3F)ncnc2cc1OCC1CCNCC1	 5000
COc1cc2c(Nc3ccc(Br)cc3F)ncnc2cc1OCC1CCNCC1	 6000
COc1cc2c(Nc3ccc(C)cc3F)ncnc2cc1OCC1CCNCC1	 12300
COc1cc2c(Nc3c(F)cc(Cl)cc3F)ncnc2cc1OCC1CCNCC1	 2500
COc1cc2c(Nc3c(F)cc(Br)cc3F)ncnc2cc1OCC1CCNCC1	 1900
COc1cc2c(Nc3ccc(Cl)cc3F)ncnc2cc1OCCC1CCN(C)CC1	 4100
COc1cc2c(Nc3ccc(Br)cc3F)ncnc2cc1OCCC1CCN(C)CC1	 2100
COc1cc2c(Nc3ccc(Br)cc3F)ncnc2cc1OCCC1CCNCC1	 2700
COc1cc2c(Nc3ccc(Cl)cc3F)ncnc2cc1OC[C@@H]1CCCN(C)C1	 1800
COc1cc2c(Nc3ccc(Br)cc3F)ncnc2cc1OC[C@@H]1CCCN(C)C1	 1800
COc1cc2c(Nc3ccc(Br)cc3F)ncnc2cc1OC[C@H]1CCCN(C)C1	 5000
Cc1[nH]c(\C=C2/C(=O)Nc3ccccc23)c(C)c1CCC(O)=O	 3000
CN1CCN(CCCc2c(C)[nH]c(\C=C3/C(=O)Nc4ccccc34)c2C)CC1	 4200
CCN(CC)CCNC(=O)c1c(C)[nH]c(\C=C2/C(=O)Nc3ccccc23)c1C	 880
CCN(CC)CCNC(=O)c1c(C)[nH]c(\C=C2/C(=O)Nc3ccc(F)cc23)c1C	 2900
CCN(CC)CCNC(=O)c1c(C)[nH]c(\C=C2/C(=O)Nc3ccc(Cl)cc23)c1C	 170
CCN(CC)CCNC(=O)c1c(C)[nH]c(\C=C2/C(=O)Nc3ccc(Br)cc23)c1C	 730
CN(C)CCNC(=O)c1c(C)[nH]c(\C=C2/C(=O)Nc3ccc(F)cc23)c1C	 1600
Cc1[nH]c(\C=C2/C(=O)Nc3ccc(F)cc23)c(C)c1C(=O)NCCN1CCCC1	 3900
CN1CCC(CNC(=O)c2c(C)[nH]c(\C=C3/C(=O)Nc4ccc(F)cc34)c2C)CC1	 200
Cc1[nH]c(\C=C2/C(=O)Nc3ccc(F)cc23)c(C)c1C(=O)NCCN1CCOCC1	 2600
Cc1[nH]c(\C=C2/C(=O)Nc3ccc(F)cc23)c(C)c1C(=O)NCc1ccncc1	 3100
Cc1[nH]c(\C=C2/C(=O)Nc3ccc(F)cc23)c(C)c1C(=O)NCCn1ccnn1	 17100
CC(C)(C)NC(=O)Nc1nc2nc(N)ncc2cc1-c1ccccc1	 8000
CC(C)(C)NC(=O)Nc1nc2nc(N)ncc2cc1-c1c(Cl)cccc1Cl	 140
CC(C)(C)NC(=O)Nc1nc2nc(N)ncc2cc1-c1cccc(Cl)c1Cl	 160
CC(C)(C)NC(=O)Nc1nc2nc(N)ncc2cc1-c1c(Cl)ccc(Cl)c1Cl	 110
CC(C)(C)NC(=O)Nc1nc2nc(N)ncc2cc1-c1c(Br)cccc1Br	 290
CC(C)(C)NC(=O)Nc1nc2nc(N)ncc2cc1-c1c(Cl)cccc1Br	 180
CC(C)(C)NC(=O)Nc1nc2nc(N)ncc2cc1-c1c(F)cccc1F	 110
CC(C)(C)NC(=O)Nc1nc2nc(N)ncc2cc1-c1cc(F)cc(F)c1	 1100
Cc1ccccc1-c1cc2cnc(N)nc2nc1NC(=O)NC(C)(C)C	 1400
Cc1ccc(cc1)-c1cc2cnc(N)nc2nc1NC(=O)NC(C)(C)C	 1670
Cc1cccc(C)c1-c1cc2cnc(N)nc2nc1NC(=O)NC(C)(C)C	 400
Cc1cccc(c1C)-c1cc2cnc(N)nc2nc1NC(=O)NC(C)(C)C	 340
Cc1cc(C)cc(c1)-c1cc2cnc(N)nc2nc1NC(=O)NC(C)(C)C	 1130
Cc1cc(C)c(c(C)c1)-c1cc2cnc(N)nc2nc1NC(=O)NC(C)(C)C	 270
Cc1cc(C)c(C)c(c1C)-c1cc2cnc(N)nc2nc1NC(=O)NC(C)(C)C	 710
Cc1c(C)c(C)c(c(C)c1C)-c1cc2cnc(N)nc2nc1NC(=O)NC(C)(C)C	 1620
CCN(CC)CCOc1ccc(C)c(c1C)-c1cc2cnc(N)nc2nc1NC(=O)NC(C)(C)C	 890
CCc1ccccc1-c1cc2cnc(N)nc2nc1NC(=O)NC(C)(C)C	 11220
CCc1cc(CC)cc(c1)-c1cc2cnc(N)nc2nc1NC(=O)NC(C)(C)C	 7760
COc1ccccc1-c1cc2cnc(N)nc2nc1NC(=O)NC(C)(C)C	 11220
COc1cccc(c1)-c1cc2cnc(N)nc2nc1NC(=O)NC(C)(C)C	 360
COc1ccc(cc1)-c1cc2cnc(N)nc2nc1NC(=O)NC(C)(C)C	 3970
COc1ccc(cc1OC)-c1cc2cnc(N)nc2nc1NC(=O)NC(C)(C)C	 20250
COc1cc(OC)cc(c1)-c1cc2cnc(N)nc2nc1NC(=O)NC(C)(C)C	 60
CCOc1cccc(c1)-c1cc2cnc(N)nc2nc1NC(=O)NC(C)(C)C	 670
CCOc1cc(OCC)cc(c1)-c1cc2cnc(N)nc2nc1NC(=O)NC(C)(C)C	 1650
CN(C)c1cc(cc(c1)-c1cc2cnc(N)nc2nc1NC(=O)NC(C)(C)C)N(C)C	 16000
Cc1c[nH]c(\C=C2/C(=O)Nc3ccccc23)c1CCC(O)=O	 30
Cc1c[nH]c(\C=C2/C(=O)Nc3cccc(C)c23)c1CCC(O)=O	 30
Cc1c[nH]c(\C=C2/C(=O)Nc3ccc(Br)cc23)c1CCC(O)=O	 80
COc1cccc(c1)-c1ccc2\C(=C\c3[nH]cc(C)c3CCC(O)=O)C(=O)Nc2c1	 1200
CCOc1cccc(c1)-c1ccc2\C(=C\c3[nH]cc(C)c3CCC(O)=O)C(=O)Nc2c1	 4500
Cc1c(CCC(O)=O)c[nH]c1\C=C1/C(=O)Nc2ccccc12	 3680
Cc1c(CCC(O)=O)c[nH]c1\C=C1/C(=O)Nc2ccc(cc12)C(O)=O	 770
Cc1c(CCC(O)=O)c[nH]c1\C=C1/C(=O)Nc2ccc(cc12)S(N)(=O)=O	 460
COc1ccc2\C(=C\c3[nH]cc(CCC(O)=O)c3C)C(=O)Nc2c1	 3890
Cc1c(CCC(O)=O)c[nH]c1\C=C1/C(=O)Nc2cc(ccc12)-c1ccccc1	 1050
COc1cccc(c1)-c1ccc2\C(=C\c3[nH]cc(CCC(O)=O)c3C)C(=O)Nc2c1	 360
COc1ccccc1-c1ccc2\C(=C\c3[nH]cc(CCC(O)=O)c3C)C(=O)Nc2c1	 2130
COc1ccc(cc1)-c1ccc2\C(=C\c3[nH]cc(CCC(O)=O)c3C)C(=O)Nc2c1	 1540
Cc1cc(C)c(\C=C2/C(=O)Nc3ccccc23)[nH]1	 7080
Cc1[nH]c(\C=C2/C(=O)Nc3ccccc23)c(C)c1CCC(O)=O	 3040
Cc1[nH]c(\C=C2/C(=O)Nc3ccc(Br)cc23)c(C)c1CCC(O)=O	 2050
Cc1[nH]c(\C=C2/C(=O)Nc3ccc(cc23)C(O)=O)c(C)c1CCC(O)=O	 280
Cc1[nH]c(\C=C2/C(=O)Nc3ccc(cc23)S(N)(=O)=O)c(C)c1CCC(O)=O	 280
COc1ccc2\C(=C\c3[nH]c(C)c(CCC(O)=O)c3C)C(=O)Nc2c1	 5400
Cc1[nH]c(\C=C2/C(=O)Nc3cc(ccc23)-c2ccccc2)c(C)c1CCC(O)=O	 2290
COc1cccc(c1)-c1ccc2\C(=C\c3[nH]c(C)c(CCC(O)=O)c3C)C(=O)Nc2c1	 1400
COc1ccccc1-c1ccc2\C(=C\c3[nH]c(C)c(CCC(O)=O)c3C)C(=O)Nc2c1	 7330
COc1ccc(cc1)-c1ccc2\C(=C\c3[nH]c(C)c(CCC(O)=O)c3C)C(=O)Nc2c1	 5760
Cc1cc(C)c(\C=C2/C(=O)Nc3ccccc23)[nH]1	 7080
O=C1Nc2ccccc2\C1=C\c1cc2CCCCc2[nH]1	 10500
Brc1ccc2NC(=O)\C(=C/c3cc4CCCCc4[nH]3)c2c1	 13300
NS(=O)(=O)c1ccc2NC(=O)\C(=C/c3cc4CCCCc4[nH]3)c2c1	 220
OC(=O)c1ccc2NC(=O)\C(=C/c3cc4CCCCc4[nH]3)c2c1	 310
COc1cccc(c1)-c1ccc2\C(=C\c3cc4CCCCc4[nH]3)C(=O)Nc2c1	 17500
COc1ccccc1-c1ccc2\C(=C\c3cc4CCCCc4[nH]3)C(=O)Nc2c1	 17700
Cc1c[nH]c(\C=C2/C(=O)Nc3ccccc23)c1CCC(O)=O	 30
OC(=O)CCc1c(\C=C2/C(=O)Nc3ccccc23)[nH]c2CCCCc12	 270
OC(=O)CCc1c(\C=C2/C(=O)Nc3ccc(Br)cc23)[nH]c2CCCCc12	 270
NS(=O)(=O)c1ccc2NC(=O)\C(=C/c3[nH]c4CCCCc4c3CCC(O)=O)c2c1	 200
OC(=O)CCc1c(\C=C2/C(=O)Nc3ccc(cc23)C(O)=O)[nH]c2CCCCc12	 220
COc1ccc2\C(=C\c3[nH]c4CCCCc4c3CCC(O)=O)C(=O)Nc2c1	 1080
OC(=O)CCc1c(\C=C2/C(=O)Nc3cc(ccc23)-c2ccccc2)[nH]c2CCCCc12	 1270
COc1cccc(c1)-c1ccc2\C(=C\c3[nH]c4CCCCc4c3CCC(O)=O)C(=O)Nc2c1	 1350
COc1ccccc1-c1ccc2\C(=C\c3[nH]c4CCCCc4c3CCC(O)=O)C(=O)Nc2c1	 80
COc1ccc(cc1)-c1ccc2\C(=C\c3[nH]c4CCCCc4c3CCC(O)=O)C(=O)Nc2c1	 880
COc1cc(OC)cc(c1)-c1cc2cnc(NCCCN3CCOCC3)cc2nc1NC(=O)NC(C)(C)C	 31
COc1cc(OC)cc(c1)-c1cc2cnc(NCCCN3CCN(C)CC3)cc2nc1N	 44
CCNC(=O)Nc1nc2cc(NCCCN3CCN(C)CC3)ncc2cc1-c1cc(OC)cc(OC)c1	 21
COc1cc(OC)cc(c1)-c1cc2cnc(NCCCN3CCN(C)CC3)cc2nc1NC(=O)NC(C)(C)C	 24
CCN(CC)CCCNc1cc2nc(NC(=O)NC(C)(C)C)c(cc2cn1)-c1cc(OC)cc(OC)c1	 60
COc1cc(OC)cc(c1)-c1cc2cnc(NCCCCN3CCOCC3)cc2nc1NC(=O)NC(C)(C)C	 30
COc1cc(OC)cc(c1)-c1cc2cnc(NCCCCN3CCN(C)CC3)cc2nc1NC(=O)NC(C)(C)C	 24
CCN(CC)CCCCNc1cc2nc(N)c(cc2cn1)-c1cc(OC)cc(OC)c1	 87
CCNC(=O)Nc1nc2cc(NCCCCN(CC)CC)ncc2cc1-c1cc(OC)cc(OC)c1	 24
CCN(CC)CCCCNc1cc2nc(NC(=O)NC(C)(C)C)c(cc2cn1)-c1cc(OC)cc(OC)c1	 25
COc1cc(OC)cc(c1)-c1cc2cnc(NCCCCCN3CCOCC3)cc2nc1NC(=O)NC(C)(C)C	 33
COc1cc(OC)cc(c1)-c1cc2cnc(NCCCCCN3CCN(C)CC3)cc2nc1NC(=O)NC(C)(C)C	 70
CCN(CC)CCCCCNc1cc2nc(NC(=O)NC(C)(C)C)c(cc2cn1)-c1cc(OC)cc(OC)c1	 28
CN1CCN(CCCNc2cc3nc(N)c(cc3cn2)-c2ccccc2)CC1	 2200
CN1CCN(CCCNc2cc3nc(NC(=O)NC(C)(C)C)c(cc3cn2)-c2ccccc2)CC1	 190
CN1CCN(CCCNc2cc3nc(NCCCN4CCN(C)CC4)c(cc3cn2)-c2ccccc2)CC1	 12000
CCN(CC)CCCCNc1cc2nc(N)c(cc2cn1)-c1ccccc1	 7300
CCN(CC)CCCCNc1cc2nc(NC(=O)NC(C)(C)C)c(cc2cn1)-c1ccccc1	 300
CN1CCN(CCCNc2cc3nc(N)c(cc3cn2)-c2c(Cl)cccc2Cl)CC1	 120
CCNC(=O)Nc1nc2cc(NCCCN3CCN(C)CC3)ncc2cc1-c1c(Cl)cccc1Cl	 32
CN1CCN(CCCNc2cc3nc(NC(=O)NC(C)(C)C)c(cc3cn2)-c2c(Cl)cccc2Cl)CC1	 26
CCN(CC)CCCCNc1cc2nc(N)c(cc2cn1)-c1c(Cl)cccc1Cl	 350
CCNC(=O)Nc1nc2cc(NCCCCN(CC)CC)ncc2cc1-c1c(Cl)cccc1Cl	 29
CCN(CC)CCCCNc1cc2nc(NC(=O)NC(C)(C)C)c(cc2cn1)-c1c(Cl)cccc1Cl	 25
COc1cc(OC)cc(c1)-c1cc2cnc(cc2nc1NC(=O)NC(C)(C)C)N(CCCOCc1ccccc1)C(C)=O	 1500
COc1cc(OC)cc(c1)-c1cc2cnc(cc2nc1NC(=O)NC(C)(C)C)N(CCCCOCc1ccccc1)C(C)=O	 5100
COc1cc(OC)cc(c1)-c1cc2cnc(cc2nc1NC(=O)NC(C)(C)C)N(CCCCCOCc1ccccc1)C(C)=O	 12000
COc1cc(OC)cc(c1)-c1cc2cnc(cc2nc1NC(=O)NC(C)(C)C)N(CCCO)C(C)=O	 28000
COc1cc(OC)cc(c1)-c1cc2cnc(NCCCOCc3ccccc3)cc2nc1NC(=O)NC(C)(C)C	 910
COc1cc(OC)cc(c1)-c1cc2cnc(NCCCCOCc3ccccc3)cc2nc1NC(=O)NC(C)(C)C	 1100
COc1cc(OC)cc(c1)-c1cc2cnc(NCCCCCOCc3ccccc3)cc2nc1NC(=O)NC(C)(C)C	 3300
COc1cc(OC)cc(c1)-c1cc2cnc(NCCCO)cc2nc1NC(=O)NC(C)(C)C	 49
COc1cc(OC)cc(c1)-c1cc2cnc(NCCCCO)cc2nc1NC(=O)NC(C)(C)C	 52
COc1cc(OC)cc(c1)-c1cc2cnc(NCCCCCO)cc2nc1NC(=O)NC(C)(C)C	 93
COc1cc(OC)cc(c1)C1Cc2cnc(cc2N=C1NC(=O)NC(C)(C)C)N(CCCCOCc1ccccc1)C(C)=O	 14000
CCNC(=O)Nc1nc2nc(NCCCN3CCN(C)CC3)ncc2cc1-c1cc(OC)cc(OC)c1	 33
COc1cc(OC)cc(c1)-c1cc2cnc(NCCCN3CCN(C)CC3)nc2nc1NC(=O)NC(C)(C)C	 19
CCNC(=O)Nc1nc2nc(NCCCCN(CC)CC)ncc2cc1-c1cc(OC)cc(OC)c1	 35
CCN(CC)CCCCNc1ncc2cc(c(NC(=O)NC(C)(C)C)nc2n1)-c1cc(OC)cc(OC)c1	 28
COc1cc(OC)cc(c1)-c1cc2cnc(NCCCO)nc2nc1NC(=O)NC(C)(C)C	 38
CCn1c2nc(Nc3ccccc3)ncc2ccc1=O	 3295
CCn1c2nc(Nc3cccc(OC(F)(F)C(F)F)c3)ncc2ccc1=O	 44200
CCCn1c2nc(Nc3ccccc3)ncc2ccc1=O	 6600
CCCCn1c2nc(Nc3ccccc3)ncc2ccc1=O	 5290
CC(C)n1c2nc(Nc3ccc(cc3)N3CCN(C)CC3)ncc2ccc1=O	 70
CN1CCN(CC1)c1ccc(Nc2ncc3ccc(=O)n(C4CCCCC4)c3n2)cc1	 51
OCCCC1CCN(CC1)c1ccc(Nc2ncc3ccc(=O)n(C4CC5CCC4C5)c3n2)cc1	 8620
Cn1c2nc(Nc3cccc(CO)c3)ncc2cc(-c2c(Cl)cccc2Cl)c1=O	 61.5
Cn1c2nc(Nc3ccc(cc3)N3CCOCC3)ncc2cc(-c2c(Cl)cccc2Cl)c1=O	 98.8
CSc1cccc(Nc2ncc3cc(-c4c(Cl)cccc4Cl)c(=O)n(C)c3n2)c1	 1250
Cn1c2nc(Nc3ccc(F)cc3)ncc2cc(-c2c(Cl)cccc2Cl)c1=O	 933
CCOc1ccc(Nc2ncc3cc(-c4c(Cl)cccc4Cl)c(=O)n(C)c3n2)cc1	 451
CCN(CCOc1ccc(Nc2ncc3cc(-c4c(Cl)cccc4Cl)c(=O)n(C)c3n2)cc1)C(C)=O	 244
Cc1cc(Nc2ncc3cc(-c4c(Cl)cccc4Cl)c(=O)n(C)c3n2)ccc1F	 934
O=C(Nc1ccccn1)Nc1cccc2C(=O)N3CCC[C@@H]3c12	 6700
CNC(=O)c1cc(Oc2ccc(NC(=O)Nc3ccc(Cl)c(c3)C(F)(F)F)cc2)ccn1	 580
CNC(=O)c1cc(Oc2ccc3oc(Nc4ccc(Cl)c(OC[C@@H]5CCCN5C)c4)nc3c2)ccn1	 4370
COc1ccc(N(C(=O)Oc2c(C)cccc2C)c2ccnc(Nc3cc(OC)c(OCCCN4CCN(C)CC4)c(OC)c3)n2)c(OC)c1	 110
CCCS(=O)(=O)Nc1ccc(F)c(C(=O)c2c[nH]c3ncc(Cl)cc23)c1F	 1900
CCNCCCCNc1ncc2CN(C(=O)N(Cc3cccc(NC(=O)C=C)c3)c2n1)c1c(Cl)c(OC)cc(OC)c1Cl	 9.2
CCC1=C(CC(O)=O)c2cc(F)ccc2\C1=C/c1ccoc1	 3e+3
CC1=C(CC(O)=O)c2ccc(Br)cc2\C1=C/c1ccsc1	 2.3e+4
COc1cc(OC)cc(c1)C#CC1=CN(C2CN(C2)C(=O)C=C)C2N=CN=C(N)C12	 1.2
COc1cc(OC)cc(c1)C#Cc1nn([C@H]2CCN(C2)C(=O)C#C)c2ncnc(N)c12	 1.4
COc1cc(OC)cc(c1)C#Cc1nn(C2CN(C2)C(=O)C=C)c2ncnc(N)c12	 3.2
COc1cc(OC)cc(c1)C#Cc1nn([C@H]2CCN(C2)C(=O)C=C)c2ncnc(N)c12	 3.6
COc1cc(OC)cc(c1)C#Cc1cn([C@H]2CCN(C2)C(=O)C#CC(C)(C)O)c2ncnc(N)c12	 20
COc1cc(OC)cc(c1)C#Cc1cn(C2CN(C2)C(=O)\C=C\CN(C)C)c2ncnc(N)c12	 2.8
COc1cc(OC)cc(c1)C#Cc1cn(C2CN(C2)C(=O)\C=C\CN2CC[C@H](O)C2)c2ncnc(N)c12	 3.1
Nc1cnc2c(cccn2c1=O)-c1c(F)cccc1F	 2.52e+5
CC(C)(C)Nc1c([nH]c2ncnn12)C1CC1	 4.69e+5
Cc1nc2cc(ccc2[nH]1)-n1ncc(C(=O)C2=CC3C=CC=CC3N2)c1N	 5
Cc1nc2ccc(cc2n1)-n1ncc(C(=O)c2cc3ccc(CN4CCC(O)CC4)cc3[nH]2)c1N	 5.3
Cc1nc2ccc(cc2n1)-n1ncc(C(=O)c2cc3ccc(CN4CCNCC4)cc3[nH]2)c1N	 28
Cc1nc2ccc(cc2n1)-n1ncc(C(=O)c2cc3ccc(OCCN4CCOCC4)cc3[nH]2)c1N	 2.7
Cc1nc2ccc(cc2n1)-n1ncc(C(=O)c2cc3ccc(OC4CCOCC4)cc3[nH]2)c1N	 3
Cc1nc2ccc(cc2n1)-n1ncc(C(=O)c2cc3cc(F)c(Br)cc3[nH]2)c1N	 31
Cc1nc2ccc(cc2n1)-n1ncc(C(=O)c2cc3ccc(cc3[nH]2)-c2ccc(F)cc2)c1N	 42
Cc1nc2ccc(cc2n1)-n1ncc(C(=O)c2cc3ccc(cc3[nH]2)-c2cccc(c2)C(F)(F)F)c1N	 460
Cc1nc2ccc(cc2n1)-n1ncc(C(=O)c2cc3cc(ccc3[nH]2)C(=O)N2CCCC(F)(F)C2)c1N	 30
Cc1nc2ccc(cc2n1)-n1ncc(C(=O)c2cc3cc(ccc3[nH]2)C(=O)NCC(F)(F)F)c1N	 99
Cc1nc2ccc(cc2n1)-n1ncc(C(=O)c2cc3ccc(cc3[nH]2)-c2ccc(cn2)C(F)(F)F)c1N	 93
Cc1nc2ccc(cc2n1)-n1ncc(C(=O)c2cc3ccc(CO)cc3[nH]2)c1N	 15
CN1CCN(CCOc2ccc3cc([nH]c3c2)C(=O)c2cnn(c2N)-c2ccc3nc(C)nc3c2)CC1	 10
Cc1nc2ccc(cc2n1)-n1ncc(C(=O)c2cc3ccc(OCC4(C)COC4)cc3[nH]2)c1N	 0.81
COCCN(CCOC)Cc1ccc2cc([nH]c2c1)C(=O)C1C=NN(C1N)c1ccc2nc(C)nc2c1	 9.6
CN(CC#C)Cc1ccc2cc([nH]c2c1)C(=O)c1cnn(c1N)-c1ccc2nc(C)nc2c1	 17
C[C@H]1COCCN1Cc1ccc2cc([nH]c2c1)C(=O)c1cnn(c1N)-c1ccc2nc(C)nc2c1	 2.7
Cc1nc2ccc(cc2n1)-n1ncc(C(=O)c2cc3ccc(Br)cc3[nH]2)c1N	 30
Cc1nc2ccc(cc2n1)-n1ncc(C(=O)c2cc3ncccc3[nH]2)c1N	 42
Cc1nc2ccc(cc2n1)-n1ncc(C(=O)c2cc3ccc(I)cc3[nH]2)c1N	 16
Cc1nc2ccc(cc2n1)-n1ncc(C(=O)c2cc3c(C)cccc3[nH]2)c1N	 43
CC(C)c1cccc2[nH]c(cc12)C(=O)c1cnn(c1N)-c1ccc2nc(C)nc2c1	 89
Cc1nc2ccc(cc2n1)-n1ncc(C(=O)c2cc3cc(Cc4ccccc4)ccc3[nH]2)c1N	 51
Cc1nc2ccc(cc2n1)-n1ncc(C(=O)c2cc3cc(ccc3[nH]2)C2=C(CCC=C2)C(F)(F)F)c1N	 260
Cc1nc2ccc(cc2n1)-n1ncc(C(=O)c2cc3c(cccc3[nH]2)C#C)c1N	 77
Cc1nc2cc(cc(F)c2n1)-n1ncc(C(=O)c2cc3ccccc3[nH]2)c1N	 35
CCCCOc1ccc2[nH]c(cc2c1)C(=O)c1cnn(c1N)-c1ccc2nc(C)nc2c1	 22
Cc1nc2ccc(cc2n1)-n1ncc(C(=O)c2cc3ccc(NS(C)(=O)=O)cc3[nH]2)c1N	 25
Cc1nc2ccc(cc2n1)-n1ncc(C(=O)c2cc3ccc(cc3[nH]2)-c2ccc(nc2)N2CCOCC2)c1N	 29
CCCCc1ccc2cc([nH]c2c1)C(=O)c1cnn(c1N)-c1ccc2nc(C)nc2c1	 230
Cc1nc2ccc(cc2n1)-n1ncc(C(=O)c2cc3ccc(cc3[nH]2)-c2cnn(C)c2)c1N	 23
COc1ncccc1-c1ccc2cc([nH]c2c1)C(=O)c1cnn(c1N)-c1ccc2nc(C)nc2c1	 60
Cc1nc2ccc(cc2n1)-n1ncc(C(=O)c2cc3ccc(cc3[nH]2)C2CC2)c1N	 45
COc1ccccc1-c1ccc2cc([nH]c2c1)C(=O)c1cnn(c1N)-c1ccc2nc(C)nc2c1	 76
Cc1nc2ccc(cc2n1)-n1ncc(C(=O)c2cc3ccc(cc3[nH]2)-c2ccccc2)c1N	 50
Cc1nc2ccc(cc2n1)-n1ncc(C(=O)c2cc3ccc(cc3[nH]2)-c2cncc(c2)S(C)(=O)=O)c1N	 43
Cc1nc2ccc(cc2n1)-n1ncc(C(=O)c2cc3ccc(cc3[nH]2)-c2cccnn2)c1N	 18
COCCOc1ccc2[nH]c(cc2c1)C(=O)c1cnn(c1N)-c1ccc2nc(C)nc2c1	 18
Cc1nc2ccc(cc2n1)-n1ncc(C(=O)c2cc3cc(OCC4CC4)ccc3[nH]2)c1N	 24
Cc1nc2ccc(cc2n1)-n1ncc(C(=O)c2cc3cc4OC(F)(F)Oc4cc3[nH]2)c1N	 57
Cc1nc2ccc(cc2n1)-n1ncc(C(=O)c2cc3ccc(cc3[nH]2)-c2ccc(F)cn2)c1N	 22
Cc1nc2ccc(cc2n1)-n1ncc(C(=O)c2cc3cc(Cl)c(OCC4CC4)cc3[nH]2)c1N	 62
Cc1nc2ccc(cc2[nH]1)-n1ncc(C(=O)c2[nH]c3ccccc3c2F)c1N	 75
CC(C)N1CCC(CC1)c1cc2cc([nH]c2cc1C(F)(F)F)C(=O)c1cnn(c1N)-c1ccc2nc(C)nc2c1	 39
Cc1nc2cc(ccc2[nH]1)-n1ncc(C(=O)C2=CC3C=CC(=CC3N2)C#N)c1N	 9
Cc1nc2ccc(cc2n1)-n1ncc(C(=O)c2cc3cc(ccc3[nH]2)C2=CCNCC2)c1N	 43
Cc1nc2ccc(cc2n1)-n1ncc(C(=O)c2cc3cc(C4CCNCC4)c(F)cc3[nH]2)c1N	 33
CC(C)N1CCC(CC1)c1ccc2[nH]c(cc2c1)C(=O)c1cnn(c1N)-c1ccc2nc(C)nc2c1	 11
Cc1nc2ccc(cc2n1)-n1ncc(C(=O)c2cc3cc(ccc3[nH]2)-c2cccnc2)c1N	 48
Cc1nc2ccc(cc2n1)-n1ncc(C(=O)c2cc3cc(ccc3[nH]2)-c2ccc(O)nc2)c1N	 36
CN1CCC(CC1)c1ccc2cc([nH]c2c1)C(=O)c1cnn(c1N)-c1ccc2nc(C)nc2c1	 6.9
CC1CCC(C)N1Cc1ccc2[nH]c(cc2c1)C(=O)c1cnn(c1N)-c1ccc2nc(C)nc2c1	 0.32
Cc1nc2ccc(cc2n1)-n1ncc(C(=O)c2cc3cc(CN4CCCC(F)C4)ccc3[nH]2)c1N	 0.67
CN1CCC(CC1)c1ccc2[nH]c(cc2c1)C(=O)c1cnn(c1N)-c1ccc2nc(nc2c1)C(F)F	 87
Cc1nc2ccc(cc2n1)-n1ncc(C(=O)c2cc3cc(ccc3[nH]2)C2CCN(CC2)C2CCCC2)c1N	 11
Cc1nc2ccc(cc2n1)-n1ncc(C(=O)c2cc(Br)c[nH]2)c1N	 390
Cc1nc2ccc(cc2n1)-n1ncc(C(=O)c2ccc[nH]2)c1N	 980
Cc1nc2ccc(cc2n1)-n1ncc(C(=O)c2cc(c[nH]2)-c2cccc(F)c2)c1N	 210
Cc1nc2ccc(cc2n1)-n1ncc(C(=O)c2cc3ccc(CN4CCOCC4)cc3[nH]2)c1N	 1.4
Cc1nc2ccc(cc2n1)-n1ncc(C(=O)c2cc3c(NCCN4CCOCC4)cccc3[nH]2)c1N	 5.1
CN1CCN(CC1)C(=O)c1ccc2[nH]c(cc2c1)C(=O)c1cnn(c1N)-c1ccc2nc(C)nc2c1	 2
COCCNc1cccc2[nH]c(cc12)C(=O)c1cnn(c1N)-c1ccc2nc(C)nc2c1	 6.4
Cc1nc2ccc(cc2n1)-n1ncc(C(=O)c2cc3c(NC(CO)CO)cccc3[nH]2)c1N	 4.2
Cc1nc2ccc(cc2n1)-n1ncc(C(=O)c2cc3c(NCCc4ccncc4)cccc3[nH]2)c1N	 8.5
Cc1nc2ccc(cc2n1)-n1ncc(C(=O)c2cc3ccc(cc3[nH]2)N2CCOCC2)c1N	 2.5
Cc1nc2ccc(cc2n1)-n1ncc(C(=O)c2cc3cc(ccc3[nH]2)C(=O)N2CCOCC2)c1N	 3.8
Nc1c(cnn1-c1ccc2nc(nc2c1)C(F)(F)F)C(=O)c1cc2ccccc2[nH]1	 24
CCc1nc2ccc(cc2n1)-n1ncc(C(=O)c2cc3ccccc3[nH]2)c1N	 2.9
Nc1c(cnn1-c1ccc2nc(Cc3ccccc3)nc2c1)C(=O)c1cc2ccccc2[nH]1	 82
Cc1nc2C=C(CCc2[nH]1)n1ncc(C(=O)c2cc3cc(CN4CCN(CC4)S(C)(=O)=O)ccc3[nH]2)c1N	 7.9
Cc1nc2ccc(cc2n1)-n1ncc(C(=O)c2cc3cc(CN4CCNCC4)ccc3[nH]2)c1N	 66
CC(=O)N1CCN(Cc2ccc3cc([nH]c3c2)C(=O)c2cnn(c2N)-c2ccc3nc(C)nc3c2)CC1	 1.8
CN1CCN(Cc2ccc3[nH]c(cc3c2)C(=O)c2cnn(c2N)-c2ccc3nc(C)nc3c2)CC1	 1.6
Cc1nc2ccc(cc2n1)-n1ncc(C(=O)c2cc3cc(CN4CCCC4)ccc3[nH]2)c1N	 1.4
Cc1nc2ccc(cc2n1)-n1ncc(C(=O)c2cc3c(F)cccc3[nH]2)c1N	 70
Cc1nc2ccc(cc2n1)-n1ncc(C(=O)c2cc3=CC(F)C(CN4CCOCC4)C=c3[nH]2)c1N	 18
Cc1nc2ccc(cc2n1)-n1ncc(C(=O)c2cc3cc(ccc3[nH]2)C(O)=O)c1N	 3
COc1cc(OC)c2cc([nH]c2c1)C(=O)c1cnn(c1N)-c1ccc2nc(C)nc2c1	 40
COc1ccc2cc([nH]c2c1)C(=O)c1cnn(c1N)-c1ccc2nc(C)nc2c1	 48
Cc1nc2ccc(cc2n1)-n1ncc(C(=O)c2cc3c(C)cc(C)cc3[nH]2)c1N	 30
Cc1nc2ccc(cc2n1)-n1ncc(C(=O)c2cc3cc(ccc3[nH]2)C(C)(C)C)c1N	 150
Cc1nc2ccc(cc2n1)-n1ncc(C(=O)c2cc3cc(Oc4ccccc4)ccc3[nH]2)c1N	 120
CSc1ccc2cc([nH]c2c1)C(=O)c1cnn(c1N)-c1ccc2nc(C)nc2c1	 33
Cc1nc2ccc(cc2n1)-n1ncc(C(=O)c2cc3cc(F)c(cc3[nH]2)C(F)(F)F)c1N	 60
COc1cc2[nH]c(cc2cc1Cl)C(=O)c1cnn(c1N)-c1ccc2nc(C)nc2c1	 5.5
Cc1nc2ccc(cc2n1)-n1ncc(C(=O)c2cc3ccc(OCc4ccccc4)cc3[nH]2)c1N	 46
CC(C)Oc1cccc2[nH]c(cc12)C(=O)c1cnn(c1N)-c1ccc2nc(C)nc2c1	 91
Cc1nc2ccc(cc2n1)-n1ncc(C(=O)c2cc3cc4OCCOc4cc3[nH]2)c1N	 38
Cc1nc2ccc(cc2n1)-n1ncc(C(=O)c2cc3c(cc(cc3[nH]2)C(C)(C)C)C(C)(C)C)c1N	 34
Cc1nc2ccc(cc2n1)-n1ncc(C(=O)c2cc3cc(ccc3[nH]2)-n2ccnc2)c1N	 31
Cc1nc2ccc(cc2n1)-n1ncc(C(=O)c2cc3cc(SC(F)(F)F)ccc3[nH]2)c1N	 140
Cc1nc2cc(ccc2[nH]1)-n1ncc(C(=O)c2cc3ccc(CN4CCC(F)(F)CC4)cc3[nH]2)c1N	 2.9
Cc1nc2cc(ccc2[nH]1)-n1ncc(C(=O)c2cc3ccc(OC4COC4)cc3[nH]2)c1N	 21
Cc1nc2cc(ccc2[nH]1)-n1ncc(C(=O)c2cc3ccc(O)cc3[nH]2)c1N	 27
Cc1nc2cc(ccc2[nH]1)-n1ncc(C(=O)c2cc3ccc(cc3[nH]2)S(C)(=O)=O)c1N	 56
Cc1nc2cc(ccc2[nH]1)-n1ncc(C(=O)c2cc(Br)c(Br)[nH]2)c1N	 260
Cc1nc2cc(ccc2[nH]1)-n1ncc(C(=O)c2cc(c([nH]2)-c2cccnc2)-c2cccnc2)c1N	 1700
Cc1nc2ccc(cc2n1)-n1ncc(C(=O)c2cc3ccc(Cl)cc3[nH]2)c1N	 91
Cc1nc2ccc(cc2n1)-n1ncc(C(=O)c2ccc3cc[nH]c3c2)c1N	 3600
Cc1nc2ccc(cc2n1)-n1ncc(C(=O)c2cc3cc(ccc3[nH]2)C(F)(F)F)c1N	 92
Cc1nc2ccc(cc2n1)-n1ncc(C(=O)c2cc3c(F)cc(Br)cc3[nH]2)c1N	 45
Cc1nc2ccc(cc2n1)-n1ncc(C(=O)c2cc3ccc(cc3[nH]2)-c2ccc(C)nc2)c1N	 53
COc1ncc(Cl)cc1-c1ccc2cc([nH]c2c1)C(=O)c1cnn(c1N)-c1ccc2nc(C)nc2c1	 53
Cc1nc2ccc(cc2n1)-n1ncc(C(=O)c2cc3ccc(cc3[nH]2)-c2cccs2)c1N	 36
Cc1nc2cc(ccc2[nH]1)-n1ncc(C(=O)C2=CC3C=C(C=CC3N2)C(=O)N2CCC(F)(F)C2)c1N	 56
CC1CN(CC(C)O1)C(=O)c1ccc2[nH]c(cc2c1)C(=O)c1cnn(c1N)-c1ccc2nc(C)nc2c1	 210
Cc1nc2ccc(cc2n1)-n1ncc(C(=O)c2cc3cc(ccc3[nH]2)C(=O)N2CC[C@H](F)C2)c1N	 2800
COc1ccc(cc1)-c1c[nH]c(c1)C(=O)c1cnn(c1N)-c1ccc2nc(C)nc2c1	 850
Cc1nc2cc(ccc2[nH]1)-n1ncc(C(=O)c2nc3ccccc3s2)c1N	 38
Cc1nc2cc(ccc2[nH]1)-n1ncc(C(=O)c2ccc(F)cc2)c1N	 95
Cc1nc2cc(ccc2[nH]1)-n1ncc(C(=O)c2cccc(Cl)c2)c1N	 77
CN[C@@H]1CC2OC([C@@H]1OC)n1c3ccccc3c3c4CNC(=O)c4c4c5ccccc5n2c4c13	 8
Cc1ccc(nc1C(=O)Nc1c(C)cc(cc1C)C(O)=O)N1CCC(O)CC1	 9.8
CCN1CCC(CC1)c1ccc(cc1)C(=O)Nc1cc(Oc2cc3ccn(C(=O)NC)c3cc2OC)ccn1	 10.1
CNC(=O)n1ccc2cc(Oc3ccnc(NC(=O)c4ccc(cc4)C4CCN(CCO)CC4)c3)c(OC)cc12	 7.9
CNC(=O)n1ccc2cc(Oc3ccnc(NC(=O)c4ccc(cc4)C4CCN(C[C@H](C)O)CC4)c3)c(OC)cc12	 7.2
CNC(=O)n1ccc2cc(Oc3ccnc(NC(=O)c4ccc(cc4)C4CCN(CCCF)CC4)c3)c(OC)cc12	 12
CNC(=O)n1ccc2cc(Oc3ccnc(NC(=O)c4ccc(cc4)C4CCNCC4F)c3)c(OC)cc12	 11
CNC(=O)n1ccc2cc(Oc3ccnc(NC(=O)c4ccc(cc4)C4(F)CCNCC4)c3)c(OC)cc12	 11.6
CNC(=O)n1ccc2cc(Oc3ccnc(NC(=O)c4ccc(cc4)N4CCC(CC4)N4CCCC4)c3)c(OC)cc12	 13.2
CNC(=O)n1ccc2cc(Oc3ccnc(NC(=O)c4ccc(CN5CCC(O)CC5)cc4)c3)c(OC)cc12	 30
CNC(=O)n1ccc2cc(Oc3ccnc(NC(=O)c4ccc(CN5C[C@H](O)[C@H](C5)OC)cc4)c3)c(OC)cc12	 37.7
CCN1CCN(CCc2ccc(cc2)C(=O)Nc2cc(Oc3cc4ccn(C(=O)NC)c4cc3OC)ccn2)CC1	 18
CNC(=O)n1ccc2cc(Oc3ccnc(NC(=O)c4ccc(OCCN5CCC(O)CC5)cc4)c3)c(OC)cc12	 19.9
CCN1CCC(CC1)n1cc(cn1)C(=O)Nc1cc(Oc2cc3ccn(C(=O)NC)c3cc2OC)ccn1	 31.2
CNC(=O)n1ccc2cc(Oc3ccnc(NC(=O)c4ccc(OC5CCN(CCO)CC5)cc4)c3)c(OC)cc12	 10.9
CCOc1cc2n(ccc2cc1Oc1ccnc(NC(=O)c2ccc(cc2)C2CCNCC2)c1)C(=O)NC	 12.5
CCOc1cc2n(ccc2cc1Oc1ccnc(NC(=O)c2ccc(cc2)C2CCN(CC)CC2)c1)C(=O)NC	 11.5
CNC(=O)n1ccc2cc(Oc3ccnc(NC(=O)c4ccc(cc4)C4CCNCC4)c3)c(OC(C)C)cc12	 14.6
CNC(=O)n1ccc2cc(Oc3ccnc(NC(=O)c4ccc(cc4)C4CCN(C[C@@H](C)O)CC4)c3)c(OC(C)C)cc12	 12.7
CNC(=O)n1ccc2cc(Oc3ccnc(NC(=O)c4ccc(CN5CCC(O)CC5)cc4)c3)c(OC(F)F)cc12	 13.5
CNC(=O)n1ccc2cc(Oc3ccnc(NC(=O)c4ccc(cc4)C4CCNCC4)c3)c(OCCOC)cc12	 5.6
CNC(=O)n1ccc2cc(Oc3ccnc(NC(=O)c4ccc(cc4)C4CCN(C)CC4)c3)c(OCCOC)cc12	 5.7
CNC(=O)n1ccc2cc(Oc3ccnc(NC(=O)c4ccc(cc4)C4CCN(CCO)CC4)c3)c(OCCOC)cc12	 5.8
CNC(=O)n1ccc2cc(Oc3ccnc(NC(=O)c4ccc(cc4)C4CCN(CC4)C(C)C)c3)c(OCCOC)cc12	 5.3
CCOCCOc1cc2n(ccc2cc1Oc1ccnc(NC(=O)c2ccc(cc2)C2CCNCC2)c1)C(=O)NC	 4.4
CCOCCOc1cc2n(ccc2cc1Oc1ccnc(NC(=O)c2ccc(cc2)C2CCN(CCO)CC2)c1)C(=O)NC	 5.2
CCOCCOc1cc2n(ccc2cc1Oc1ccnc(NC(=O)c2ccc(cc2)C2CN(CC)C2)c1)C(=O)NC	 6.3
CCOCCOc1cc2n(ccc2cc1Oc1ccnc(NC(=O)c2ccc(cc2)C2CN(CCO)C2)c1)C(=O)NC	 8
CCOCCOc1cc2n(ccc2cc1Oc1ccnc(NC(=O)c2ccc(nc2)C2CCN(CC)CC2)c1)C(=O)NC	 11.2
CCOCCOc1cc2n(ccc2cc1Oc1ccnc(NC(=O)c2ccc(CN3CCC[C@H]3CO)cc2)c1)C(=O)NC	 10
CCOCCOc1cc2n(ccc2cc1Oc1ccnc(NC(=O)c2ccc(CN3C[C@H](C)N[C@H](C)C3)cc2)c1)C(=O)NC	 14.5
CCOCCOc1cc2n(ccc2cc1Oc1ccnc(NC(=O)c2ccc(CN3CC[C@@H](O)C3)s2)c1)C(=O)NC	 6.5
CCOCCOc1cc2n(ccc2cc1Oc1ccnc(NC(=O)c2ccc(cc2)C2CN(C)C2)c1)C(=O)NC	 10.9
CCN1CCC(CC1)c1ccc(cc1)C(=O)Nc1cc(Oc2cc3ccn(C(=O)NC)c3cc2OCCCF)ccn1	 8.5
CNC(=O)n1ccc2cc(Oc3ccnc(NC(=O)c4ccc(CN5CCC[C@@H]5CO)s4)c3)c(OC)cc12	 12.3
CNC(=O)n1ccc2cc(Oc3ccnc(NC(=O)c4ccc(CN5CCC[C@H]5CO)s4)c3)c(OC)cc12	 10.8
CNC(=O)n1ccc2cc(Oc3ccnc(NC(=O)c4ccc(CN5C[C@H](C)N[C@H](C)C5)s4)c3)c(OC)cc12	 11.2
CCN1CCN(Cc2ccc(s2)C(=O)Nc2cc(Oc3cc4ccn(C(=O)NC)c4cc3OC)ccn2)CC1	 10.9
CNC(=O)n1ccc2cc(Oc3ccnc(NC(=O)c4ccc(CN5CCC(O)CC5)s4)c3)c(OC)cc12	 10.5
CNC(=O)n1ccc2cc(Oc3ccnc(NC(=O)c4ccc(cc4)C4CCN(CC(C)(C)O)CC4)c3)c(OC)cc12	 7.9
CNC(=O)n1ccc2cc(Oc3ccnc(NC(=O)c4ccc(cc4)C4CCN(CC4)C(C)C)c3)c(OC)cc12	 8.9
CNC(=O)n1ccc2cc(Oc3ccnc(NC(=O)c4ccc(OC5CCN(C[C@@H](C)O)CC5)cc4)c3)c(OC)cc12	 10.6
CNC(=O)n1ccc2cc(Oc3ccnc(NC(=O)c4ccc(OC5CCN(C[C@H](C)O)CC5)cc4)c3)c(OC)cc12	 13
CCN1CCC(CC1)Oc1ccc(cc1)C(=O)Nc1cc(Oc2cc3ccn(C(=O)NC)c3cc2OC)ccn1	 12.5
CNC(=O)n1ccc2cc(Oc3ccnc(NC(=O)c4cnn(c4)C4CCN(C[C@@H](C)O)CC4)c3)c(OC)cc12	 22.8
CNC(=O)n1ccc2cc(Oc3ccnc(NC(=O)c4cnn(c4)C4CCN(C[C@H](C)O)CC4)c3)c(OC)cc12	 26.5
CNC(=O)n1ccc2cc(Oc3ccnc(NC(=O)c4cnn(c4)C4CCN(CC4)C(C)C)c3)c(OC)cc12	 24.1
CNC(=O)n1ccc2cc(Oc3ccnc(NC(=O)c4ccc(cc4)C4CN(C4)C(C)C)c3)c(OC)cc12	 12.8
CNC(=O)n1ccc2cc(Oc3ccnc(NC(=O)c4ccc(cc4)C4CN(CC(C)(C)O)C4)c3)c(OC)cc12	 12.1
CCN1CC(C1)c1ccc(cc1)C(=O)Nc1cc(Oc2cc3ccn(C(=O)NC)c3cc2OC)ccn1	 11.7
CNC(=O)n1ccc2cc(Oc3ccnc(NC(=O)c4ccc(CN5CCC[C@@H]5CO)cc4)c3)c(OC)cc12	 32.3
CNC(=O)n1ccc2cc(Oc3ccnc(NC(=O)c4ccc(CN5CCC[C@H]5CO)cc4)c3)c(OC)cc12	 18.3
CNC(=O)n1ccc2cc(Oc3ccnc(NC(=O)c4ccc(CN5CC[C@H](O)C5)cc4)c3)c(OC)cc12	 23.7
CNC(=O)n1ccc2cc(Oc3ccnc(NC(=O)c4ccc(CN5CC[C@@H](O)C5)cc4)c3)c(OC)cc12	 23.4
CNC(=O)n1ccc2cc(Oc3ccnc(NC(=O)c4ccc(cc4)C4CCN(C[C@@H](C)O)CC4)c3)c(OC)cc12	 5.5
CCN1CCN(CCOc2ccc(cc2)C(=O)Nc2cc(Oc3cc4ccn(C(=O)NC)c4cc3OC)ccn2)CC1	 34.1
CNC(=O)n1ccc2cc(Oc3ccnc(NC(=O)c4ccc(CCN5CCC(O)CC5)cc4)c3)c(OC)cc12	 24.2
CNC(=O)n1ccc2cc(Oc3ccnc(NC(=O)c4ccc(cc4)C4CCN(C)CC4)c3)c(OC)cc12	 10
CCOc1cc2n(ccc2cc1Oc1ccnc(NC(=O)c2ccc(cc2)C2CCN(CC(C)(C)O)CC2)c1)C(=O)NC	 9.8
CCOc1cc2n(ccc2cc1Oc1ccnc(NC(=O)c2ccc(cc2)C2CCN(CC2)C(C)C)c1)C(=O)NC	 8.7
CCOc1cc2n(ccc2cc1Oc1ccnc(NC(=O)c2ccc(cc2)C2CCN(C[C@@H](C)O)CC2)c1)C(=O)NC	 9.6
CCOc1cc2n(ccc2cc1Oc1ccnc(NC(=O)c2ccc(cc2)C2CCN(C[C@H](C)O)CC2)c1)C(=O)NC	 8.9
CCOc1cc2n(ccc2cc1Oc1ccnc(NC(=O)c2ccc(cc2)N2CCC(CC2)N2CCCC2)c1)C(=O)NC	 18.8
CCOc1cc2n(ccc2cc1Oc1ccnc(NC(=O)c2ccc(cc2)C2CCN(CCO)CC2)c1)C(=O)NC	 10
CCOc1cc2n(ccc2cc1Oc1ccnc(NC(=O)c2ccc(cc2)C2CCN(C)CC2)c1)C(=O)NC	 11.8
CCOc1cc2n(ccc2cc1Oc1ccnc(NC(=O)c2ccc(CN3CCC(O)CC3)cc2)c1)C(=O)NC	 33.8
CNC(=O)n1ccc2cc(Oc3ccnc(NC(=O)c4ccc(cc4)C4CCN(C[C@H](C)O)CC4)c3)c(OC(C)C)cc12	 10.3
CNC(=O)n1ccc2cc(Oc3ccnc(NC(=O)c4ccc(cc4)C4CCN(CCO)CC4)c3)c(OC(C)C)cc12	 11.2
CCN1CCC(CC1)c1ccc(cc1)C(=O)Nc1cc(Oc2cc3ccn(C(=O)NC)c3cc2OC(C)C)ccn1	 11.7
CNC(=O)n1ccc2cc(Oc3ccnc(NC(=O)c4ccc(cc4)C4CCN(C)CC4)c3)c(OC(C)C)cc12	 12.4
CNC(=O)n1ccc2cc(Oc3ccnc(NC(=O)c4ccc(CN5CCC(O)CC5)cc4)c3)c(OC(C)C)cc12	 32
CNC(=O)n1ccc2cc(Oc3ccnc(NC(=O)c4ccc(CN5CC[C@H](O)C5)cc4)c3)c(OCCCF)cc12	 18.4
CNC(=O)n1ccc2cc(Oc3ccnc(NC(=O)c4ccc(CN5CC[C@@H](O)C5)cc4)c3)c(OCCCF)cc12	 22.5
CNC(=O)n1ccc2cc(Oc3ccnc(NC(=O)c4ccc(CN5CCC(O)CC5)cc4)c3)c(OCCCF)cc12	 24.2
CNC(=O)n1ccc2cc(Oc3ccnc(NC(=O)c4ccc(cc4)C4CCN(C[C@@H](C)O)CC4)c3)c(OCCCF)cc12	 8.5
CNC(=O)n1ccc2cc(Oc3ccnc(NC(=O)c4ccc(cc4)C4CCN(C[C@H](C)O)CC4)c3)c(OCCCF)cc12	 8
CNC(=O)n1ccc2cc(Oc3ccnc(NC(=O)c4ccc(cc4)C4CCN(C)CC4)c3)c(OCCCF)cc12	 10.4
CNC(=O)n1ccc2cc(Oc3ccnc(NC(=O)c4ccc(nc4)C4CCN(CC4)C(C)C)c3)c(OCCOC)cc12	 19.1
CCN1CCC(CC1)c1ccc(cn1)C(=O)Nc1cc(Oc2cc3ccn(C(=O)NC)c3cc2OCCOC)ccn1	 20.2
CNC(=O)n1ccc2cc(Oc3ccnc(NC(=O)c4ccc(cc4)C4CN(CC(C)(C)O)C4)c3)c(OCCOC)cc12	 8.5
CNC(=O)n1ccc2cc(Oc3ccnc(NC(=O)c4ccc(cc4)C4CN(C[C@@H](C)O)C4)c3)c(OCCOC)cc12	 8.5
CNC(=O)n1ccc2cc(Oc3ccnc(NC(=O)c4ccc(cc4)C4CN(C[C@H](C)O)C4)c3)c(OCCOC)cc12	 7
CNC(=O)n1ccc2cc(Oc3ccnc(NC(=O)c4ccc(CN5CCC[C@@H]5CO)s4)c3)c(OCCOC)cc12	 6.4
CNC(=O)n1ccc2cc(Oc3ccnc(NC(=O)c4ccc(CN5CCC[C@H]5CO)s4)c3)c(OCCOC)cc12	 10.2
CNC(=O)n1ccc2cc(Oc3ccnc(NC(=O)c4ccc(CN5CC[C@H](O)C5)s4)c3)c(OCCOC)cc12	 8.6
CNC(=O)n1ccc2cc(Oc3ccnc(NC(=O)c4ccc(CN5CC[C@@H](O)C5)s4)c3)c(OCCOC)cc12	 6.7
CNC(=O)n1ccc2cc(Oc3ccnc(NC(=O)c4ccc(CN5CCC(O)CC5)s4)c3)c(OCCOC)cc12	 6.5
CNC(=O)n1ccc2cc(Oc3ccnc(NC(=O)c4ccc(cc4)C4CN(C)C4)c3)c(OCCOC)cc12	 7.1
CNC(=O)n1ccc2cc(Oc3ccnc(NC(=O)c4ccc(cc4)C4CN(C4)C(C)C)c3)c(OCCOC)cc12	 6.7
CCN1CC(C1)c1ccc(cc1)C(=O)Nc1cc(Oc2cc3ccn(C(=O)NC)c3cc2OCCOC)ccn1	 5.7
CNC(=O)n1ccc2cc(Oc3ccnc(NC(=O)c4ccc(cc4)C4CCN(C[C@@H](C)O)CC4)c3)c(OCCOC)cc12	 7
CNC(=O)n1ccc2cc(Oc3ccnc(NC(=O)c4ccc(cc4)C4CCN(C[C@H](C)O)CC4)c3)c(OCCOC)cc12	 5
CCN1CCC(CC1)c1ccc(cc1)C(=O)Nc1cc(Oc2cc3ccn(C(=O)NC)c3cc2OCCOC)ccn1	 5.4
CNC(=O)n1ccc2cc(Oc3ccnc(NC(=O)c4ccc(CN5CCC(O)CC5)cc4)c3)c(OCCOC)cc12	 14.9
CCOCCOc1cc2n(ccc2cc1Oc1ccnc(NC(=O)c2ccc(nc2)C2CCN(CC2)C(C)C)c1)C(=O)NC	 10.6
CCOCCOc1cc2n(ccc2cc1Oc1ccnc(NC(=O)c2ccc(cc2)C2CN(CC(C)(C)O)C2)c1)C(=O)NC	 5.7
CCOCCOc1cc2n(ccc2cc1Oc1ccnc(NC(=O)c2ccc(cc2)C2CN(C[C@@H](C)O)C2)c1)C(=O)NC	 11
CCOCCOc1cc2n(ccc2cc1Oc1ccnc(NC(=O)c2ccc(cc2)C2CN(C[C@H](C)O)C2)c1)C(=O)NC	 7.2
CCOCCOc1cc2n(ccc2cc1Oc1ccnc(NC(=O)c2ccc(CN3CCC[C@@H]3CO)s2)c1)C(=O)NC	 6.6
CCOCCOc1cc2n(ccc2cc1Oc1ccnc(NC(=O)c2ccc(CN3CCC[C@H]3CO)s2)c1)C(=O)NC	 5.1
CCOCCOc1cc2n(ccc2cc1Oc1ccnc(NC(=O)c2ccc(CN3CC[C@@H](O)C3)s2)c1)C(=O)NC	 5.4
CCOCCOc1cc2n(ccc2cc1Oc1ccnc(NC(=O)c2ccc(CN3CCC(O)CC3)s2)c1)C(=O)NC	 5.6
CCOCCOc1cc2n(ccc2cc1Oc1ccnc(NC(=O)c2ccc(cc2)C2CN(C)C2)c1)C(=O)NC	 6.5
CCOCCOc1cc2n(ccc2cc1Oc1ccnc(NC(=O)c2ccc(cc2)C2CN(C2)C(C)C)c1)C(=O)NC	 5
CCOCCOc1cc2n(ccc2cc1Oc1ccnc(NC(=O)c2ccc(CN3CCC[C@@H]3CO)cc2)c1)C(=O)NC	 12.1
CCOCCOc1cc2n(ccc2cc1Oc1ccnc(NC(=O)c2ccc(CN3CC[C@H](O)C3)cc2)c1)C(=O)NC	 8.6
CCOCCOc1cc2n(ccc2cc1Oc1ccnc(NC(=O)c2ccc(CN3CC[C@@H](O)C3)cc2)c1)C(=O)NC	 8.9
CCOCCOc1cc2n(ccc2cc1Oc1ccnc(NC(=O)c2ccc(CN3CCC(F)CC3)cc2)c1)C(=O)NC	 16.1
CCOCCOc1cc2n(ccc2cc1Oc1ccnc(NC(=O)c2ccc(CN3CCN(CC)CC3)cc2)c1)C(=O)NC	 11.5
CCOCCOc1cc2n(ccc2cc1Oc1ccnc(NC(=O)c2ccc(cc2)C2CCN(CC(C)(C)O)CC2)c1)C(=O)NC	 3.9
CCOCCOc1cc2n(ccc2cc1Oc1ccnc(NC(=O)c2ccc(cc2)C2CCN(CC2)C(C)C)c1)C(=O)NC	 5.4
CCOCCOc1cc2n(ccc2cc1Oc1ccnc(NC(=O)c2ccc(cc2)C2CCN(C[C@@H](C)O)CC2)c1)C(=O)NC	 4.2
CCOCCOc1cc2n(ccc2cc1Oc1ccnc(NC(=O)c2ccc(cc2)C2CCN(C[C@H](C)O)CC2)c1)C(=O)NC	 3.4
CCOCCOc1cc2n(ccc2cc1Oc1ccnc(NC(=O)c2ccc(cc2)C2CCN(CC)CC2)c1)C(=O)NC	 4.2
CCOCCOc1cc2n(ccc2cc1Oc1ccnc(NC(=O)c2ccc(cc2)C2CCN(C)CC2)c1)C(=O)NC	 3.7
CCOCCOc1cc2n(ccc2cc1Oc1ccnc(NC(=O)c2ccc(CN3CCC(O)CC3)cc2)c1)C(=O)NC	 10.3
CNC(=O)n1ccc2cc(Oc3ccnc(NC(=O)c4ccc(CN5CCC[C@@H]5CO)cc4)c3)c(OCCCOC)cc12	 22.3
CNC(=O)n1ccc2cc(Oc3ccnc(NC(=O)c4ccc(CN5CCC[C@H]5CO)cc4)c3)c(OCCCOC)cc12	 10.7
CNC(=O)n1ccc2cc(Oc3ccnc(NC(=O)c4ccc(cc4)C4CN(C[C@@H](C)O)C4)c3)c(OCCCOC)cc12	 7
CNC(=O)n1ccc2cc(Oc3ccnc(NC(=O)c4ccc(cc4)C4CN(C[C@H](C)O)C4)c3)c(OCCCOC)cc12	 11.5
CNC(=O)n1ccc2cc(Oc3ccnc(NC(=O)c4ccc(CN5CC[C@H](O)C5)cc4)c3)c(OCCCOC)cc12	 16.6
CNC(=O)n1ccc2cc(Oc3ccnc(NC(=O)c4ccc(CN5CC[C@@H](O)C5)cc4)c3)c(OCCCOC)cc12	 16.1
CNC(=O)n1ccc2cc(Oc3ccnc(NC(=O)c4ccc(CN5CCC(O)CC5)cc4)c3)c(OCCCOC)cc12	 17.9
CNC(=O)n1ccc2cc(Oc3ccnc(NC(=O)c4ccc(cc4)C4CN(C4)C(C)C)c3)c(OCCCOC)cc12	 8.9
CCN1CC(C1)c1ccc(cc1)C(=O)Nc1cc(Oc2cc3ccn(C(=O)NC)c3cc2OCCCOC)ccn1	 8.5
CNC(=O)n1ccc2cc(Oc3ccnc(NC(=O)c4ccc(cc4)C4CCN(C[C@@H](C)O)CC4)c3)c(OCCCOC)cc12	 5.2
CNC(=O)n1ccc2cc(Oc3ccnc(NC(=O)c4ccc(cc4)C4CCN(C[C@H](C)O)CC4)c3)c(OCCCOC)cc12	 6.4
CNC(=O)n1ccc2cc(Oc3ccnc(NC(=O)c4ccc(cc4)C4CCN(CC4)C(C)C)c3)c(OCCCOC)cc12	 7.1
CNC(=O)n1ccc2cc(Oc3ccnc(NC(=O)c4ccc(cc4)C4CCN(CCO)CC4)c3)c(OCCCOC)cc12	 6.1
CCN1CCC(CC1)c1ccc(cc1)C(=O)Nc1cc(Oc2cc3ccn(C(=O)NC)c3cc2OCCCOC)ccn1	 7
CNC(=O)n1ccc2cc(Oc3ccnc(NC(=O)c4ccc(cc4)C4CCN(C)CC4)c3)c(OCCCOC)cc12	 6.2
COc1ccc(\C=N\NC(=O)COc2cc(C)nc3n(nc(C)c23)-c2ccccc2)cc1	 1.286e+4
Cc1nn(-c2ccccc2)c2nc(C)cc(OCC(=O)N\N=C\c3ccc(Cl)cc3)c12	 9.59e+3
COc1cc(\C=N\NC(=O)COc2cc(C)nc3n(nc(C)c23)-c2ccccc2)cc(OC)c1OC	 1.201e+4
COCc1c(CN2CCNC(=O)C2)n2ncnc(N)c2c1-c1cc2cc(C)cc(OC)c2s1	 12.2
COCc1c(CN2CCNC(=O)C2)n2ncnc(N)c2c1-c1cc2cc(C)cc(OC)c2s1	 7.2
COCc1c(CN[C@@H]2CCNC2=O)n2ncnc(N)c2c1-c1cc2cc(C)cc(OC)c2s1	 6.6
COCc1c(CN[C@@H]2CCNC2=O)n2ncnc(N)c2c1-c1cc2cc(C)cc(OC)c2s1	 13.7
CCOCc1c(CN2CCNC(=O)C2)n2ncnc(N)c2c1-c1cc2cc(C)cc(OC)c2s1	 4.6
CCOCc1c(CN2CCNC(=O)C2)n2ncnc(N)c2c1-c1cc2cc(C)cc(OC)c2s1	 9
CCOCc1c(CN[C@@H]2CCNC2=O)n2ncnc(N)c2c1-c1cc2cc(C)cc(OC)c2s1	 4.2
CCOCc1c(CN[C@@H]2CCNC2=O)n2ncnc(N)c2c1-c1cc2cc(C)cc(OC)c2s1	 9.4
CCOCc1c(CNCC(N)=O)n2ncnc(N)c2c1-c1cc2cc(C)cc(OC)c2s1	 31
CCOCc1c(CN2CCOCC2)n2ncnc(N)c2c1-c1cc2cc(C)cc(OC)c2s1	 12.7
CCOCc1c(CN2CCN(CC2)C(C)=O)n2ncnc(N)c2c1-c1cc2cc(C)cc(OC)c2s1	 6.5
COc1cc(C)cc2cc(sc12)-c1c(CO)c(CN2CCNCC2)n2ncnc(N)c12	 3.3
COc1cc(C)cc2cc(sc12)-c1c(CO)c(CN2CCNC(=O)C2)n2ncnc(N)c12	 2.5
COCc1c(CN2CC[C@](C)(N)C2)n2ncnc(N)c2c1-c1cc2cc(C)cc(OC)c2s1	 1.4
CCOCc1c(CN2CC[C@](C)(N)C2)n2ncnc(N)c2c1-c1cc2cc(C)cc(OC)c2s1	 1
COCc1c(CN2CCN(CC2)C(C)=O)n2ncnc(N)c2c1-c1cc2cc(C)cc(OC)c2s1	 12.5
COCc1c(CN2CCNCC2)n2ncnc(N)c2c1-c1cc2cc(C)cc(OC)c2s1	 0.9
CCOCc1c(CN2CCNCC2)n2ncnc(N)c2c1-c1cc2cc(C)cc(OC)c2s1	 0.7
CCOCc1c(CN2CCNCC2)n2ncnc(N)c2c1-c1cc2cc(C)cc(OC)c2s1	 0.5
CCOCc1c(CN2CCN(CC2)C(C)=O)n2ncnc(N)c2c1-c1cc2cc(C)cc(OC)c2s1	 25
COc1cc(C)cc2cc(sc12)-c1c(COCCO)c(CN2CCNC(=O)C2)n2ncnc(N)c12	 4.2
COc1cc(C)cc2cc(sc12)-c1c(COCCO)c(CN2CCNCC2)n2ncnc(N)c12	 0.9
CCCCOCc1c(CN2CCNCC2)n2ncnc(N)c2c1-c1cc2cc(C)cc(OC)c2s1	 17.9
CCCOCc1c(CN2CCNCC2)n2ncnc(N)c2c1-c1cc2cc(C)cc(OC)c2s1	 1.3
COc1cc(C)cc2cc(sc12)-c1c(COCC2CC2)c(CN2CCNCC2)n2ncnc(N)c12	 0.7
COc1cc(C)cc2cc(sc12)-c1c(COC2CCC2)c(CN2CCNCC2)n2ncnc(N)c12	 0.9
COc1cc(C)cc2cc(sc12)-c1c(COC(C)C)c(CN2CCNCC2)n2ncnc(N)c12	 1.3
COCCOCc1c(CN2CCNCC2)n2ncnc(N)c2c1-c1cc2cc(C)cc(OC)c2s1	 2.1
COc1cc(C)cc2cc(sc12)-c1c(COCC(F)(F)F)c(CN2CCNCC2)n2ncnc(N)c12	 1.6
COc1cc(C)cc2cc(sc12)-c1c(COCCN)c(CN2CCNCC2)n2ncnc(N)c12	 2.8
COC(=O)COCc1c(CN2CCNCC2)n2ncnc(N)c2c1-c1cc2cc(C)cc(OC)c2s1	 1.5
COc1cc(C)cc2cc(sc12)-c1c(COCC(O)=O)c(CN2CCNCC2)n2ncnc(N)c12	 5.2
COc1cc(C)cc2cc(sc12)-c1c(COCC(N)=O)c(CN2CCNCC2)n2ncnc(N)c12	 1
COc1cc(C)cc2cc(sc12)-c1c(COCC(N)=O)c(CN2CCN(CC2)C(C)=O)n2ncnc(N)c12	 6
COc1cc(C)cc2cc(sc12)-c1c(COc2ccccc2)c(CN2CCNCC2)n2ncnc(N)c12	 61.3
CNCc1c(CN2CCNCC2)n2ncnc(N)c2c1-c1cc2cc(C)cc(OC)c2s1	 3
COc1cc(C)cc2cc(sc12)-c1c(CN(C)C)c(CN2CCNCC2)n2ncnc(N)c12	 22.1
CCNCc1c(CN2CCNCC2)n2ncnc(N)c2c1-c1cc2cc(C)cc(OC)c2s1	 6.9
COc1cc(C)cc2cc(sc12)-c1c(CNCCO)c(CN2CCNCC2)n2ncnc(N)c12	 1.1
COc1cc(C)cc2cc(sc12)-c1c(CN2CCCC(O)C2)c(CN2CCNCC2)n2ncnc(N)c12	 2.1
COc1cc(C)cc2cc(sc12)-c1c(CN2CCC(O)CC2)c(CN2CCNCC2)n2ncnc(N)c12	 2.8
COc1cc(C)cc2cc(sc12)-c1c(CN2CCC(O)C2)c(CN2CCNCC2)n2ncnc(N)c12	 5.1
CCN(CC)Cc1c(CN2CCNCC2)n2ncnc(N)c2c1-c1cc2cc(C)cc(OC)c2s1	 8.6
COc1cc(C)cc2cc(sc12)-c1c(CNC2CCC2)c(CN2CCNCC2)n2ncnc(N)c12	 2.1
COc1cc(C)cc2cc(sc12)-c1c(CN2CCCC2)c(CN2CCNCC2)n2ncnc(N)c12	 3.4
COc1cc(C)cc2cc(sc12)-c1c(CNC2CC2)c(CN2CCNCC2)n2ncnc(N)c12	 3.2
COc1cc(C)cc2cc(sc12)-c1c(CNCC2CC2)c(CN2CCNCC2)n2ncnc(N)c12	 1.7
COc1cc(C)cc2cc(sc12)-c1c(CNCC(O)=O)c(CN2CCNCC2)n2ncnc(N)c12	 12.8
COc1cc(C)cc2cc(sc12)-c1c(CN[C@H]2CCNC2=O)c(CN2CCOCC2)n2ncnc(N)c12	 4.4
COc1cc(C)cc2cc(sc12)-c1c(CN2CCNC(=O)C2)c(CN2CCOCC2)n2ncnc(N)c12	 9.7
COc1cc(C)cc2cc(sc12)-c1c(CNCC(C)O)c(CN2CCOCC2)n2ncnc(N)c12	 3.9
COc1cc(C)cc2cc(sc12)-c1c(CNCC(C)(C)O)c(CN2CCOCC2)n2ncnc(N)c12	 11.2
COc1cc(C)cc2cc(sc12)-c1c(CN[C@@H]2CCNC2=O)c(CN2CCN(CC2)C(C)=O)n2ncnc(N)c12	 2.4
COc1cc(C)cc2cc(sc12)-c1c(CNCC(C)(C)O)c(CN2CCN(CC2)C(C)=O)n2ncnc(N)c12	 3.2
COc1cc(C)cc2cc(sc12)-c1c(CN2CCNC(=O)C2)c(CN2CCN(CC2)C=O)n2ncnc(N)c12	 6.8
COc1cc(C)cc2cc(sc12)-c1c(CN2CCNC(=O)C2)c(CN2CCN(CC2)C(C)=O)n2ncnc(N)c12	 3.8
COC(=O)c1c(-c2cc3cc(C)cc(OC)c3s2)c2c(N)ncnn2c1C(=O)N1CCNCC1	 16.2
COc1cc(C)cc2cc(sc12)-c1c(-c2cnco2)c(CN2CCNCC2)n2ncnc(N)c12	 0.5
COc1cc(C)cc2cc(sc12)-c1c(CN)c(CN2CCNCC2)n2ncnc(N)c12	 3.1
COc1cc(C)cc2cc(sc12)-c1c(CNC(C)=O)c(CN2CCNCC2)n2ncnc(N)c12	 1
COc1cc(C)cc2cc(sc12)-c1c(CNC(C)=O)c(CN2CCN(CC2)C=O)n2ncnc(N)c12	 5.6
COc1cc(C)cc2cc(sc12)-c1c(CNC(C)=O)c(CN2CCN(CC2)C(C)=O)n2ncnc(N)c12	 1.6
COc1cc(C)cc2cc(sc12)-c1c(CNC(C)=O)c(CN2CCNC(=O)C2)n2ncnc(N)c12	 5
COc1cc(C)cc2cc(sc12)-c1c(CO)c(C#N)n2ncnc(N)c12	 27
COCc1c(C#N)n2ncnc(N)c2c1-c1cc2cc(C)cc(OC)c2s1	 55.3
CCOCc1c(C#N)n2ncnc(N)c2c1-c1cc2cc(C)cc(OC)c2s1	 39.1
COc1cc(C)cc2cc(sc12)-c1c(CN2CCNC(=O)C2)c(C#N)n2ncnc(N)c12	 2.7
COc1cc(C)cc2cc(sc12)-c1c(CNC(C)=O)c(CNC(C)=O)n2ncnc(N)c12	 1.4
COc1cc(C)cc2cc(sc12)-c1c(CO)c(n2ncnc(N)c12)C(C)(C)O	 4.4
COc1cc(C)cc2cc(sc12)-c1c(CN2CCNC(=O)C2)c(n2ncnc(N)c12)C(C)(C)O	 4
COc1cc(C)cc2cc(sc12)-c1c(CO)c(C)n2ncnc(N)c12	 4.1
COc1cc(C)cc2cc(sc12)-c1c(CN2CCNC(=O)C2)c(C)n2ncnc(N)c12	 2.8
COc1cc(C)cc2cc(sc12)-c1c(CNCC(C)(C)O)c(C)n2ncnc(N)c12	 1.4
COc1cc(C)cc2cc(sc12)-c1c(CNCC(C)(C)O)c(C)n2ncnc(N)c12	 1.7
COc1cc(C)cc2cc(sc12)-c1c(CO)c(Cl)n2ncnc(N)c12	 12.6
COc1cc(C)cc2cc(sc12)-c1c(CN2CCNC(=O)C2)c(Cl)n2ncnc(N)c12	 1.3
COc1cc(C)cc2cc(sc12)-c1c(CNCC(C)(C)O)c(Cl)n2ncnc(N)c12	 1.9
COc1cc(C)cc2cc(sc12)-c1c(CNCC(C)(C)O)c(Cl)n2ncnc(N)c12	 3.4
CCOCc1c(Cl)n2ncnc(N)c2c1-c1cc2cc(C)cc(OC)c2s1	 14.5
COc1cc(C)cc2cc(sc12)-c1c(C)c(CN2CCNCC2)n2ncnc(N)c12	 3.7
COc1cc(C)cc2cc(sc12)-c1c(Cl)c(CN2CCNCC2)n2ncnc(N)c12	 26.4
CCOCc1c(CO)n2ncnc(N)c2c1-c1cc2cc(C)cc(OC)c2s1	 3.9
CCOCc1c(CN2CCNC2=O)n2ncnc(N)c2c1-c1cc2cc(C)cc(OC)c2s1	 14.1
COCc1c(CN2CCNC(=O)C2)n2ncnc(N)c2c1-c1cc2cccc(OC)c2s1	 79.6
COCc1c(CN2CCNC(=O)C2)n2ncnc(N)c2c1-c1cc2cc(C)ccc2s1	 82.9
CCOCc1c(C(C)O)n2ncnc(N)c2c1-c1cc2cc(C)cc(OC)c2s1	 9.9
CCOCc1c(-c2cc3cc(C)cc(OC)c3s2)c2c(N)ncnn2c1C(O)C1CC1	 52.9
COCc1c(CN[C@H]2CCNC2=O)n2ncnc(N)c2c1-c1cc2cc(C)cc(OC)c2s1	 8.2
CCOCc1c(CN[C@H]2CCNC2=O)n2ncnc(N)c2c1-c1cc2cc(C)cc(OC)c2s1	 5.5
CCOCc1c(CN2CCCCO2)n2ncnc(N)c2c1-c1cc2cc(C)cc(OC)c2s1	 81.9
CCOCc1c(CN2CCNC(=O)C2(C)C)n2ncnc(N)c2c1-c1cc2cc(C)cc(OC)c2s1	 17
CCOCc1c(CN2CCCC2)n2ncnc(N)c2c1-c1cc2cc(C)cc(OC)c2s1	 54.5
CCOCc1c(CN2CC(O)C2)n2ncnc(N)c2c1-c1cc2cc(C)cc(OC)c2s1	 16.4
CCOCc1c(CN2CCC(O)CC2)n2ncnc(N)c2c1-c1cc2cc(C)cc(OC)c2s1	 17
CCOCc1c(CN2CCS(=O)(=O)CC2)n2ncnc(N)c2c1-c1cc2cc(C)cc(OC)c2s1	 24.8
CCOCc1c(CN2CCN(CC2)C2CC2)n2ncnc(N)c2c1-c1cc2cc(C)cc(OC)c2s1	 54.5
CCOCc1c(CN2CCC(O)C2)n2ncnc(N)c2c1-c1cc2cc(C)cc(OC)c2s1	 30.8
CCOCc1c(CN2CC(F)(F)C2)n2ncnc(N)c2c1-c1cc2cc(C)cc(OC)c2s1	 39.2
CCOCc1c(CN2CCC(F)(F)C2)n2ncnc(N)c2c1-c1cc2cc(C)cc(OC)c2s1	 50.3
CCOCc1c(CN2CNC(=O)C2)n2ncnc(N)c2c1-c1cc2cc(C)cc(OC)c2s1	 5.6
CCOCc1c(CN2CCNC(=O)C2C)n2ncnc(N)c2c1-c1cc2cc(C)cc(OC)c2s1	 8.7
CCOCc1c(-c2cc3cc(C)cc(OC)c3s2)c2c(N)ncnn2c1C(=O)N[C@@H]1CCNC1=O	 6.4
CCOCc1c(-c2cc3cc(C)cc(OC)c3s2)c2c(N)ncnn2c1C(=O)N1CCNC(=O)C1	 9.4
CCOCc1c(-c2cc3cc(C)cc(OC)c3s2)c2c(N)ncnn2c1C(=O)NCCO	 3.9
CCOCc1c(C(N)=O)n2ncnc(N)c2c1-c1cc2cc(C)cc(OC)c2s1	 8.4
CCOCc1c(-c2cc3cc(C)cc(OC)c3s2)c2c(N)ncnn2c1C(=O)NC	 17.5
CCNC(=O)c1c(COCC)c(-c2cc3cc(C)cc(OC)c3s2)c2c(N)ncnn12	 27
CCOCc1c(-c2cc3cc(C)cc(OC)c3s2)c2c(N)ncnn2c1C(=O)N1CCCCO1	 42.1
CCOCc1c(-c2cc3cc(C)cc(OC)c3s2)c2c(N)ncnn2c1C(=O)N1CCC(CC1)C(N)=O	 52.7
CCOCc1c(-c2cc3cc(C)cc(OC)c3s2)c2c(N)ncnn2c1C(=O)N(C)C	 11.2
CCOCc1c(-c2cc3cc(C)cc(OC)c3s2)c2c(N)ncnn2c1C(=O)NC1CC1	 24.9
CCOCc1c(-c2cc3cc(C)cc(OC)c3s2)c2c(N)ncnn2c1C(=O)N[C@H]1CCNC1=O	 3.7
CCOCc1c(-c2cc3cc(C)cc(OC)c3s2)c2c(N)ncnn2c1C(=O)N1CNC(=O)C1	 8.8
CCOCc1c(-c2cc3cc(C)cc(OC)c3s2)c2c(N)ncnn2c1C(=O)N1CCC(O)C1	 6.8
CCOCc1c(-c2cc3cc(C)cc(OC)c3s2)c2c(N)ncnn2c1C(=O)N1CCS(=O)(=O)C1	 9
CCOCc1c(-c2cc3cc(C)cc(OC)c3s2)c2c(N)ncnn2c1C(=O)N1CC(O)C1	 6.8
CCOCc1c(-c2cc3cc(C)cc(OC)c3s2)c2c(N)ncnn2c1C(=O)N1CCC(O)CC1	 8.2
CCOCc1c(-c2cc3cc(C)cc(OC)c3s2)c2c(N)ncnn2c1C(=O)N1CC(F)(F)C1	 18.9
CCOCc1c(-c2cc3cc(C)cc(OC)c3s2)c2c(N)ncnn2c1C(=O)N1CCS(=O)(=O)CC1	 25.1
COCc1c(CN2CCNC(=O)C2)n2ncnc(N)c2c1-c1cc2cc(OC)cc(OC)c2s1	 27.3
COc1cc(C)cc2cc(sc12)-c1c(CN2CCNC(=O)C2)c(CO)n2ncnc(N)c12	 5
COCc1c(CN2CCNC(=O)C2)c(-c2cc3cc(C)cc(OC)c3s2)c2c(N)ncnn12	 3.9
CCOCc1c(CN2CCNC(=O)C2)c(-c2cc3cc(C)cc(OC)c3s2)c2c(N)ncnn12	 8
C[C@H](Nc1nc(Nc2cn(C)cn2)c2cc[nH]c2n1)c1ncc(F)cn1	 50
O=CN1CCN(CC1)c1ccc(\C=C2/C(=O)Nc3ccccc23)cc1	 10000
Cc1c[nH]c(\C=C2/C(=O)Nc3ccccc23)c1CCC(O)=O	 10000
Nc1ncnc2scc(-c3ccc4c(cccc4c3)C(=O)Nc3ccccc3)c12	 644
C1Oc2cc3ncnc(Nc4cccc(c4)-c4ccccc4)c3cc2O1	 63
C1COc2cc3c(Nc4cccc(c4)-c4ccccc4)ncnc3cc2O1	 178
C1COc2cc3ncnc(Nc4cccc(c4)-c4ccccc4)c3cc2OC1	 63
CCN1CCN(CC1)c1ccc(Nc2cc(ncn2)N(C)C(=O)Nc2c(Cl)c(OC)cc(OC)c2Cl)cc1	 2.9
CCN1CCN(CC1)c1ccc(Nc2cc(ncn2)N(C)C(=O)Nc2c(Cl)c(OC)cc(OC)c2Cl)cc1	 0.900000
COc1cc2c(Nc3ccc(Br)cc3F)ncnc2cc1OCC1CCN(C)CC1	 2310
Cc1cc(C)c(\C=C2/C(=O)Nc3ccccc23)[nH]1	 4200
COc1cc2c(Nc3ccc(Br)cc3F)ncnc2cc1OCC1CCN(C)CC1	 3600
CCN(CC)CCCCNc1ncc2cc(c(NC(=O)NC(C)(C)C)nc2n1)-c1cc(OC)cc(OC)c1	 30
CN[C@@H]1C[C@H]2O[C@@](C)([C@@H]1OC)n1c3ccccc3c3c4CNC(=O)c4c4c5ccccc5n2c4c13	 9
CC(C)OCc1ccc2n(CCCO)c3c4Cc5ccccc5-c4c4C(=O)NCc4c3c2c1	 162
CC(C)c1ccc2c(CC[C@H]3[C@](C)(C\N=C\c4c(O)ccc5ccccc45)CCC[C@]23C)c1	 1200
CNS(=O)(=O)c1ccc2NC(=O)\C(=C/c3[nH]c4CCCCc4c3CCCN3CCN(C)CC3)c2c1	 1200
CNS(=O)(=O)c1ccc2NC(=O)\C(=C/c3[nH]c4CCCCc4c3CCCN(C)C)c2c1	 700
CCS(=O)(=O)c1ccc2NC(=O)\C(=C/c3[nH]c4CCCCc4c3CCCN3CCC(O)CC3)c2c1	 500
CNS(=O)(=O)c1ccc2NC(=O)\C(=C/c3[nH]c4CCCCc4c3CCCN3CCC(O)CC3)c2c1	 3400
CCS(=O)(=O)c1ccc2NC(=O)\C(=C/c3[nH]c4CCCCc4c3CN3CCOCC3)c2c1	 400
CNS(=O)(=O)c1ccc2NC(=O)\C(=C/c3[nH]c4CCCCc4c3CN3CCOCC3)c2c1	 200
CCS(=O)(=O)c1ccc2NC(=O)\C(=C/c3[nH]c4CCCCc4c3CCCN3CCN(CCO)CC3)c2c1	 1100
CCS(=O)(=O)c1ccc2NC(=O)\C(=C/c3[nH]c4CCCCc4c3CCCN(C)C)c2c1	 400
CNS(=O)(=O)c1ccc2NC(=O)\C(=C/c3[nH]c4CCCCc4c3CCCN3CCN(CC(O)=O)CC3)c2c1	 200
CCS(=O)(=O)c1ccc2NC(=O)\C(=C/c3[nH]c4CCCCc4c3CCCN3CCN(CC(O)=O)CC3)c2c1	 400
CNS(=O)(=O)c1ccc2NC(=O)\C(=C/c3[nH]c4CCCCc4c3CCC(N)=O)c2c1	 70.0
CCOC(=O)CN1CCN(CCCc2c3CCCCc3[nH]c2\C=C2/C(=O)Nc3ccc(cc23)S(=O)(=O)NC)CC1	 80
CNS(=O)(=O)c1ccc2NC(=O)\C(=C/c3[nH]c4CCCCc4c3CCCN3CCOCC3)c2c1	 1700
CCS(=O)(=O)c1ccc2NC(=O)\C(=C/c3[nH]c4CCCCc4c3CCC(N)=O)c2c1	 80
CNS(=O)(=O)c1ccc2NC(=O)\C(=C/c3[nH]c4CCCCc4c3CCCN3CCN(CCO)CC3)c2c1	 600
CN1CCN(Cc2ccc(NC(=O)c3ccc(C)c(c3)C#Cc3cnc4cccnn34)cc2C(F)(F)F)CC1	 0.700000
CNc1cc2ccc(cc2cn1)C#CCOc1ccc(CN2CCNCC2)c(c1)C(F)(F)F	 250
Cc1nc(Nc2ncc(s2)C(=O)Nc2c(C)cccc2Cl)cc(n1)N1CCN(CCO)CC1	 880
CC(=O)Nc1nc(O)c2nc([nH]c2n1)-c1c[nH]c2cccc(Br)c12	 1560
CC(=O)Nc1nc(O)c2nc([nH]c2n1)-c1c[nH]c2ccccc12	 3170
CC(=O)Nc1nc(O)c2nc([nH]c2n1)-c1ccc(C)cc1C	 9590
COc1cccc(-c2nc3c(O)nc(NC(C)=O)nc3[nH]2)c1OC	 9130
COc1ccccc1-c1nc2c(O)nc(NC(C)=O)nc2[nH]1	 15040
CC(=O)Nc1nc(O)c2nc([nH]c2n1)-c1ccccc1	 17840
Nc1nc(O)c2nc([nH]c2n1)-c1c[nH]c2cccc(Br)c12	 4840
Nc1nc(O)c2nc([nH]c2n1)-c1c[nH]c2ccccc12	 5330
Cc1ccc(-c2nc3c(O)nc(N)nc3[nH]2)c(C)c1	 12650
COc1cccc(-c2nc3c(O)nc(N)nc3[nH]2)c1OC	 11910
COc1ccccc1-c1nc2c(O)nc(N)nc2[nH]1	 15220
Nc1nc(O)c2nc([nH]c2n1)-c1ccccc1	 15180
CC(C)(C)NC(=O)Nc1nc2nc(N)ncc2cc1-c1c(Cl)cccc1Cl	 110
CN1CCN(CC1)c1ccc(cc1)-c1nc2c(N3CCN(CC(=O)Nc4nccs4)CC3)c(Cl)cnc2[nH]1	 82
COc1cc(CCc2cc(NC(=O)c3ccc(cc3)N3C[C@H](C)N[C@H](C)C3)n[nH]2)cc(OC)c1	 1.3
CN1CCN(CC1)c1ccc(cc1)-c1nc2c(N3CCN(CC(=O)Nc4nccs4)CC3)c(Cl)cnc2[nH]1	 20
COc1cccc(Cc2c[nH]c3ncccc23)c1	 1900
Fc1ccccc1Nc1ncnc2sc3CCCCCc3c12	 4300
Fc1ccccc1Nc1ncnc2sc(cc12)-c1ccccc1	 18200
Fc1ccc(Nc2ncnc3scc(-c4ccccc4)c23)cc1	 6300
Fc1ccc(Nc2ncnc3sc(cc23)-c2ccccc2)cc1	 4300
Fc1ccc(Nc2ncnc3sc4CCCCc4c23)cc1	 3200
Cc1ccc(cc1)-c1csc2ncnc(Nc3cccc(c3)C(O)=O)c12	 11000
Fc1ccc(Nc2ncnc3sc4CCCCCc4c23)cc1Cl	 1600
COc1ccc(Nc2ncnc3scc(-c4ccccc4)c23)cc1	 3000
COc1ccc(Nc2ncnc3scc(-c4ccc(C)cc4)c23)cc1	 5000
COc1cccc(Nc2ncnc3scc(-c4ccccc4)c23)c1	 2500
Cc1cc2c(Nc3ccc(O)cc3)ncnc2s1	 5600
Cc1nc(Nc2ccc(O)cc2)c2cc(sc2n1)-c1ccccc1	 5000
Oc1ccc(Nc2ncnc3scc(-c4ccccc4)c23)cc1	 1660
Cc1sc2ncnc(Nc3ccc(O)cc3)c2c1-c1ccccc1	 1250
Oc1ccc(Nc2ncnc3sc(cc23)-c2ccccc2)cc1	 1200
Oc1ccc(Nc2ncnc3scc(-c4ccc(Cl)cc4)c23)cc1	 3000
CCOc1ccc(cc1)-c1csc2ncnc(Nc3cccc(O)c3)c12	 12500
Cc1ccc(cc1)-c1csc2ncnc(Nc3cccc(O)c3)c12	 700
Oc1cccc(Nc2ncnc3scc(-c4ccc(Cl)cc4)c23)c1	 500
CCOC(=O)c1sc2ncnc(Nc3cccc(O)c3)c2c1C	 500
CC1CCc2sc3ncnc(Nc4cccc(O)c4)c3c2C1	 450
Oc1cccc(Nc2ncnc3scc(-c4ccccc4)c23)c1	 180
Oc1cccc(Nc2ncnc3sc(cc23)-c2ccccc2)c1	 160
COC(=O)c1ccc2\C(=C(\Nc3ccc(cc3)N(C)C(=O)CN3CCN(C)CC3)c3ccccc3)C(=O)Nc2c1	 69
CONC(=O)c1cc(Nc2ncnn3cc(-c4nnc(o4)N(C)C)c(C(C)C)c23)c(F)cc1F	 18
CONC(=O)c1cc(Nc2ncnn3cc(-c4ncc(C)o4)c(C(C)C)c23)c(F)cc1F	 20
CONC(=O)c1cc(Nc2ncnn3cc(-c4nnc(CC(C)C)o4)c(C(C)C)c23)c(F)cc1F	 33
CONC(=O)c1cc(Nc2ncnn3cc(-c4nnc(CC5CC5)o4)c(C(C)C)c23)c(F)cc1F	 27
CONC(=O)c1cc(Nc2ncnn3cc(-c4nnc(CC(F)(F)F)o4)c(C(C)C)c23)c(F)cc1F	 68
CONC(=O)c1cc(Nc2ncnn3cc(-c4noc(C)n4)c(C(C)C)c23)c(F)cc1F	 140
CONC(=O)c1cc(Nc2ncnn3cc(-c4nnc(o4)C(F)(F)F)c(C(C)C)c23)c(F)cc1F	 84
CONC(=O)c1cc(Nc2ncnn3cc(-c4nnc(C)[nH]4)c(C(C)C)c23)c(F)cc1F	 50
CONC(=O)c1cc(Nc2ncnn3cc(-c4nnc(C)o4)c(C(C)C)c23)c(F)cc1F	 19
CONC(=O)c1cc(Nc2ncnn3cc(NC(=O)OCC4CCCO4)c(C(C)C)c23)c(F)cc1F	 46
CONC(=O)c1cc(Nc2ncnn3cc(NC(=O)OCCCS(C)(=O)=O)c(C(C)C)c23)c(F)cc1F	 58
CONC(=O)c1cc(Nc2ncnn3cc(-c4nc(C)no4)c(C(C)C)c23)c(F)cc1F	 110
CCc1nnc(o1)-c1cn2ncnc(Nc3cc(C(=O)NOC)c(F)cc3F)c2c1C(C)C	 28
CONC(=O)c1cc(Nc2ncnn3cc(-c4nnco4)c(C(C)C)c23)c(F)cc1F	 160
CONC(=O)c1cc(Nc2ncnn3cc(-c4nnc(CS(C)(=O)=O)o4)c(C(C)C)c23)c(F)cc1F	 16
CONC(=O)c1cc(Nc2ncnn3cc(-c4nnc(o4)C(C)C)c(C(C)C)c23)c(F)cc1F	 39
CONC(=O)c1cc(Nc2ncnn3cc(-c4nnc(o4)C(F)F)c(C(C)C)c23)c(F)cc1F	 100
CONC(=O)c1cc(Nc2ncnn3cc(-c4nnc(o4)C(F)(F)S(C)(=O)=O)c(C(C)C)c23)c(F)cc1F	 220
CONC(=O)c1cc(Nc2ncnn3cc(-c4nnc(o4)C4CC4)c(C(C)C)c23)c(F)cc1F	 14
CONC(=O)c1cc(Nc2ncnn3cc(-c4nnc(CN(C)C)o4)c(C(C)C)c23)c(F)cc1F	 149
Oc1cc(C=C(C#N)C(=N)C(C#N)C#N)cc(O)c1O	 4900
COC(=O)c1c(OCCCN(C)C)c2ccccc2c2oc3c(C(=O)c4ccccc4C3=O)c12	 38400
COC(=O)c1c(OCCN2CCCC2)c2ccccc2c2oc3c(C(=O)c4ccccc4C3=O)c12	 23800
CCN(CC)CCOc1c(C(=O)OC)c2c3c(oc2c2ccccc12)C(=O)c1ccccc1C3=O	 8800
COC(=O)c1c(OCCN2CCCCC2)c2ccccc2c2oc3c(C(=O)c4ccccc4C3=O)c12	 7100
COC(=O)c1c(OCCN(C)C)c2ccccc2c2oc3c(C(=O)c4ccccc4C3=O)c12	 23600
COc1cc2Cc3c(Nc4cccc(F)c4)[nH]nc3-c2cc1OC	 45800
CN1CCN(CC1)c1ccc(Nc2ncc(Cl)c(NC[C@H]3CCCO3)n2)cc1	 160
Oc1c(-c2nc3ccccc3[nH]2)c(=O)[nH]c2ncccc12	 5000
CN1CCN(CC1)c1ccc2nc([nH]c2c1)-c1c(N)c2ncccc2[nH]c1=O	 43
Nc1c(-c2nc3ccc(cc3[nH]2)N2CCOCC2)c(=O)[nH]c2ccncc12	 100
Oc1c(-c2nc3ccccc3[nH]2)c(=O)[nH]c2ccccc12	 215
Nc1c(-c2nc3ccccc3[nH]2)c(=O)[nH]c2nc[nH]c12	 2660
Nc1c(-c2nc3ccc(cc3[nH]2)N2CCOCC2)c(=O)[nH]c2cnccc12	 10
Nc1c(-c2nc3ccccc3[nH]2)c(=O)[nH]c2n[nH]cc12	 3170
CN1CCN(CC1)c1ccc2[nH]c(nc2n1)-c1c(N)c2ccccc2[nH]c1=O	 10
Nc1c(-c2nc3nc(ccc3[nH]2)N2CCOCC2)c(=O)[nH]c2ccccc12	 47
Nc1c(-c2nc3ncccc3[nH]2)c(=O)[nH]c2cnccc12	 30
Nc1c(-c2nc3ncccc3[nH]2)c(=O)[nH]c2ccccc12	 51
Nc1c(-c2nc3ccc(cc3[nH]2)N2CCOCC2)c(=O)[nH]c2ccccc12	 21
Nc1c(-c2nc3ccccc3[nH]2)c(=O)[nH]c2ccccc12	 44
CN1CCN(CC1)c1ccc2nc([nH]c2c1)-c1c(N)c2ccccc2[nH]c1=O	 8
Nc1c(-c2nc3ccccc3[nH]2)c(=O)[nH]c2sccc12	 348
CN1CCN(CC1)c1ccc2nc([nH]c2c1)-c1c(N)c2ccncc2[nH]c1=O	 4
Nc1c(-c2nc3ccccc3[nH]2)c(=O)[nH]c2cnccc12	 10
Oc1c(-c2nc3ccccc3[nH]2)c(=O)[nH]c2cnccc12	 576
Cn1ncc2c(N)c(-c3nc4ccccc4[nH]3)c(=O)[nH]c12	 3000
C[C@H](COc1cn2ncnc(Oc3ccc4[nH]c(C)cc4c3F)c2c1C)OS(O)(=O)=O	 26
C[C@@H](O)COc1cn2ncnc(Oc3ccc4[nH]c(C)cc4c3F)c2c1C	 28
C[C@@H](O)COc1cn2ncnc(Oc3ccc4[nH]c(CO)cc4c3F)c2c1C	 760
C[C@@H](O)COc1cn2ncnc(Oc3ccc4[nH]c(C)cc4c3F)c2c1C	 28
C[C@H](O)COc1cn2ncnc(Oc3ccc4[nH]c(C)cc4c3F)c2c1C	 22
C[C@@H](O)COc1cn2ncnc(Oc3ccc4[nH]c(C)cc4c3F)c2c1C	 148
CN1CCN(CC1)c1ccc2nc([nH]c2c1)-c1n[nH]c2ccccc12	 82
Fc1cccc2c(n[nH]c12)-c1nc2ccc(cc2[nH]1)N1CCC(CC1)N1CCCCC1	 200
C1CN(CCO1)c1cccc2[nH]c(nc12)-c1n[nH]c2ccccc12	 830
CN(C1CCN(C)CC1)c1ccc2nc([nH]c2c1)-c1n[nH]c2ccccc12	 18
C(Oc1ccc2c(n[nH]c2c1)-c1nc2ccc(cc2[nH]1)N1CCC(CC1)N1CCCCC1)c1ccccc1	 23
C1CCN(CC1)C1CCN(CC1)c1ccc2nc([nH]c2c1)-c1n[nH]c2ccc(Oc3ccccc3)cc12	 15
C1CN(CCO1)c1ccc2nc([nH]c2c1)-c1n[nH]c2ccccc12	 100
CC(C)(C)NC(=O)Nc1ccc2[nH]nc(-c3nc4ccc(cc4[nH]3)N3CCC(CC3)N3CCCCC3)c2c1	 1
CC(C)(C)NC(=O)Nc1cccc2[nH]nc(-c3nc4ccc(cc4[nH]3)N3CCC(CC3)N3CCCCC3)c12	 3
COC(=O)c1ccc2[nH]nc(-c3nc4ccc(cc4[nH]3)N3CCC(CC3)N3CCCCC3)c2c1	 73
Fc1ccc2c(n[nH]c2c1)-c1nc2ccc(cc2[nH]1)N1CCC(CC1)N1CCCCC1	 28
C(Oc1cccc2[nH]nc(-c3nc4ccc(cc4[nH]3)N3CCC(CC3)N3CCCCC3)c12)c1ccccc1	 94
C(Nc1ccc2[nH]nc(-c3nc4ccc(cc4[nH]3)N3CCC(CC3)N3CCCCC3)c2c1)C1CCCCC1	 16
CN1CCN(Cc2ccc3nc([nH]c3c2)-c2n[nH]c3ccccc23)CC1	 270
FC(F)(F)c1ccc2c(n[nH]c2c1)-c1nc2ccc(cc2[nH]1)N1CCC(CC1)N1CCCCC1	 2
C(Oc1ccc2[nH]nc(-c3nc4ccc(cc4[nH]3)N3CCC(CC3)N3CCCCC3)c2c1)c1ccccc1	 8
c1ccc2[nH]c(nc2c1)-c1n[nH]c2ccccc12	 1400
C1CCN(CC1)C1CCN(CC1)c1ccc2nc([nH]c2c1)-c1n[nH]c2ccccc12	 48
C(COc1ccc2nc([nH]c2c1)-c1n[nH]c2ccccc12)CN1CCCC1	 98
c1cn(cn1)-c1ccc2[nH]c(nc2c1)-c1n[nH]c2ccccc12	 210
Cc1cccc(C)c1-c1cc(C)c2nc(Nc3ccc(OCCN4CCCC4)cc3)nnc2c1	 960
COc1cc(ccc1Nc1ncc(Cl)c(Nc2ccccc2S(=O)(=O)C(C)C)n1)N1CCC(CC1)N1CCN(C)CC1	 1216
COc1cc(OC)cc(c1)-c1ccc2\C(=C\c3[nH]c(C)c(CCC(O)=O)c3C)C(=O)Nc2c1	 18200
COc1cccc(c1)-c1ccc2\C(=C\c3[nH]c(C)c(CCC(O)=O)c3C)C(=O)Nc2c1	 17900
COc1cc(OC)cc(c1)-c1ccc2\C(=C\c3[nH]c(C)c(CCC(O)=O)c3C)C(=O)Nc2c1	 400
COc1cccc(c1)-c1ccc2\C(=C\c3[nH]c(C)c(CCC(O)=O)c3C)C(=O)Nc2c1	 1200
COc1ccc2cc(ccc2c1)-c1c(nc(-c2ccc(cc2C)S(C)=O)n1C)-c1ccncc1	 9700
CCN(CC)CCOc1ccc(Nc2cc(NC(=O)Nc3c(Cl)cccc3Cl)ncn2)cc1	 570
Oc1ccc2[C@H]3c4cc(O)c(O)cc4C[C@@]3(O)COc2c1O	 320
O[C@@H]1c2ccc(O)c(O)c2OC[C@]1(O)Cc1ccc(O)c(O)c1	 560
Oc1ccc(C[C@@]2(O)COc3c(O)c(O)ccc3C2=O)cc1O	 2900
Oc1ccc(CC2=Cc3ccc(O)c(O)c3OC2)cc1O	 600
OCc1ccc(o1)C(=O)NN=Cc1cc(C(O)=O)c(Nc2ccc(I)cc2F)c(F)c1F	 2000
Nc1ncc(NC(=O)c2cc(NC(=O)c3cccc(c3)C(F)(F)F)ccc2Cl)cc1Cl	 13000
Cc1[nH]c(\C=C2/C(=O)Nc3ccccc23)c(C)c1CCC(O)=O	 1810
Cc1[nH]c(\C=C2/C(=O)Nc3ccc(cc23)C(=O)NNc2ccccc2)c(C)c1CCC(O)=O	 100
COc1cc(OC)cc(c1)-c1ccc2\C(=C\c3[nH]c(C)c(CCC(O)=O)c3C)C(=O)Nc2c1	 520
CN1CCN(CC1)c1cccc2[nH]c(=O)c(-c3nc4ccccc4[nH]3)c(N)c12	 1
CN1CCCC(C1)Oc1cccc2[nH]c(=O)c(-c3nc4ccccc4[nH]3)c(N)c12	 1
CN1CCN(CC1)c1ccc2nc([nH]c2c1)-c1c(N)c2c(Cl)cccc2[nH]c1=O	 2
CN(C)CC(=O)N(C)c1ccc2nc([nH]c2c1)-c1c(N)c2ccccc2[nH]c1=O	 3
CN1CCN(CC1)c1ccc2nc([nH]c2c1)-c1c(N)c2c(C)cccc2[nH]c1=O	 3
CN1CCN(CC1)c1ccc2nc([nH]c2c1)-c1c(N)c2ccc(F)cc2[nH]c1=O	 3
CN1CCN(CC1)c1ccc2nc([nH]c2c1)-c1c(N)c2cc(N)ccc2[nH]c1=O	 7
CN1CCN(CC1)c1ccc2nc([nH]c2c1)-c1c(N)c2cc(NCc3ccccc3)ccc2[nH]c1=O	 8
CN1CCN(CC1)c1ccc2nc([nH]c2c1)-c1c(N)c2ccccc2[nH]c1=O	 9
CN1CCN(Cc2ccc3nc([nH]c3c2)-c2c(N)c3ccccc3[nH]c2=O)CC1	 9
CN1CCN(CC1)C(=O)c1ccc2nc([nH]c2c1)-c1c(N)c2ccccc2[nH]c1=O	 10
CN1CCN(CC1)c1ccc2nc([nH]c2c1)-c1c(N)c2cc(ccc2[nH]c1=O)C(=O)NCc1ccccc1	 10
CN1CCN(CC1)c1ccc2nc([nH]c2c1)-c1c(N)c2c(F)cccc2[nH]c1=O	 11
CNc1cccc2[nH]c(=O)c(-c3nc4ccc(cc4[nH]3)N3CCN(C)CC3)c(N)c12	 15
CN1CCCN(CC1)c1ccc2nc([nH]c2c1)-c1c(N)c2ccccc2[nH]c1=O	 20
CN(C)[C@H]1CCN(C1)c1ccc2nc([nH]c2c1)-c1c(N)c2ccccc2[nH]c1=O	 20
Nc1c(-c2nc3ccc(OCCN4CCOCC4)cc3[nH]2)c(=O)[nH]c2ccccc12	 20
CN1CCN(CC1)c1ccc2nc([nH]c2c1)-c1c(N)c2cc(Cl)ccc2[nH]c1=O	 24
Nc1c(-c2nc3ccccc3[nH]2)c(=O)[nH]c2ccccc12	 30
Nc1c(-c2nc3ccc(cc3[nH]2)N2CCOCC2)c(=O)[nH]c2ccccc12	 30
CN1CCN(CC1)c1ccc2nc([nH]c2c1)-c1c(N)c2c(F)cc(F)cc2[nH]c1=O	 30
CN1CCN(CC1)c1ccc2nc([nH]c2c1)-c1c(N)c2cc(F)ccc2[nH]c1=O	 40
Cc1cc2nc([nH]c2cc1C)-c1c(N)c2ccccc2[nH]c1=O	 70
Cc1ccc2nc([nH]c2c1)-c1c(N)c2ccccc2[nH]c1=O	 80
CN(C)c1ccc2[nH]c(=O)c(-c3nc4ccc(cc4[nH]3)N3CCN(C)CC3)c(N)c2c1	 83
Oc1c(-c2nc3ccccc3[nH]2)c(=O)[nH]c2ccccc12	 90
CN1CCN(CC1)c1ccc2nc([nH]c2c1)-c1c(N)c2cc(F)c(F)cc2[nH]c1=O	 110
CNc1c(-c2nc3ccccc3[nH]2)c(=O)[nH]c2ccccc12	 120
CCC1CCN(C)C(C1)Nc1c(-c2nc3ccccc3[nH]2)c(=O)[nH]c2ccccc12	 190
CN1CCN(CC1)c1ccc2nc([nH]c2c1)-c1c(N)c2cccc(F)c2[nH]c1=O	 190
CNc1ccc2c(N)c(-c3nc4ccc(cc4[nH]3)N3CCN(C)CC3)c(=O)[nH]c2c1	 370
O=c1[nH]c2ccccc2cc1-c1nc2ccccc2[nH]1	 390
CN(C)c1c(-c2nc3ccccc3[nH]2)c(=O)[nH]c2ccccc12	 390
O=c1[nH]c2ccccc2c(NCC2CCNCC2)c1-c1nc2ccccc2[nH]1	 550
CN1CCN(CC1)c1ccc2nc([nH]c2c1)-c1c(N)c2cc(NC(=O)c3ccccc3)ccc2[nH]c1=O	 900
CN(C)c1cc2[nH]c(=O)c(-c3nc4ccc(cc4[nH]3)N3CCN(C)CC3)c(N)c2cc1F	 1800
CN1CCN(CC1)c1ccc2[nH]c(=O)c(-c3nc4ccccc4[nH]3)c(N)c2c1	 4100
Cn1c(nc2ccccc12)-c1c(O)c2ccccc2[nH]c1=O	 7900
COc1ccc(cc1)-c1cc2cnc(N)nc2nc1NC(=O)NC(C)(C)C	 3970
CN(C)c1cc(cc(c1)-c1cc2cnc(N)nc2nc1NC(=O)NC(C)(C)C)N(C)C	 16000
CCOc1cccc(c1)-c1cc2cnc(N)nc2nc1NC(=O)NC(C)(C)C	 670
CC(C)(C)NC(=O)Nc1nc2nc(N)ncc2cc1-c1c(Cl)cccc1Cl	 140
CC(C)(C)NC(=O)Nc1nc2nc(N)ncc2cc1-c1c(F)cccc1F	 110
CCOc1cc(OCC)cc(c1)-c1cc2cnc(N)nc2nc1NC(=O)NC(C)(C)C	 1650
Cc1c(C)c(C)c(c(C)c1C)-c1cc2cnc(N)nc2nc1NC(=O)NC(C)(C)C	 1620
Cc1cc(C)cc(c1)-c1cc2cnc(N)nc2nc1NC(=O)NC(C)(C)C	 1130
COc1ccc(cc1OC)-c1cc2cnc(N)nc2nc1NC(=O)NC(C)(C)C	 20250
Cc1ccc(cc1)-c1cc2cnc(N)nc2nc1NC(=O)NC(C)(C)C	 1670
Cc1cccc(C)c1-c1cc2cnc(N)nc2nc1NC(=O)NC(C)(C)C	 400
CCc1ccccc1-c1cc2cnc(N)nc2nc1NC(=O)NC(C)(C)C	 11220
Cc1cccc(c1C)-c1cc2cnc(N)nc2nc1NC(=O)NC(C)(C)C	 340
CC(C)(C)NC(=O)Nc1nc2nc(N)ncc2cc1-c1c(Br)cccc1Br	 290
COc1ccccc1-c1cc2cnc(N)nc2nc1NC(=O)NC(C)(C)C	 11220
Cc1ccccc1-c1cc2cnc(N)nc2nc1NC(=O)NC(C)(C)C	 1400
CC(C)(C)NC(=O)Nc1nc2nc(N)ncc2cc1-c1cccc(Cl)c1Cl	 160
CC(C)(C)NC(=O)Nc1nc2nc(N)ncc2cc1-c1c(Cl)cccc1Br	 180
COc1cc(OC)cc(c1)-c1cc2cnc(N)nc2nc1NC(=O)NC(C)(C)C	 60
CC(C)(C)NC(=O)Nc1nc2nc(N)ncc2cc1-c1cc(F)cc(F)c1	 1100
Cc1cc(C)c(c(C)c1)-c1cc2cnc(N)nc2nc1NC(=O)NC(C)(C)C	 270
Cc1cc(C)c(C)c(c1C)-c1cc2cnc(N)nc2nc1NC(=O)NC(C)(C)C	 710
CCN(CC)CCOc1ccc(C)c(c1C)-c1cc2cnc(N)nc2nc1NC(=O)NC(C)(C)C	 890
CCc1cc(CC)cc(c1)-c1cc2cnc(N)nc2nc1NC(=O)NC(C)(C)C	 7760
CC(C)(C)NC(=O)Nc1nc2nc(N)ncc2cc1-c1c(Cl)ccc(Cl)c1Cl	 110
COc1cccc(c1)-c1cc2cnc(N)nc2nc1NC(=O)NC(C)(C)C	 360
CC(C)(C)NC(=O)Nc1nc2nc(N)ncc2cc1-c1ccccc1	 8000
COc1cc(\C=C2/SC(=N)NC2=O)ccc1OCCCOc1cc(C)cc(C)c1	 23000
COc1cc(ccc1OCC(O)=O)-c1nc2sc3CC(C)CCc3c2c(=O)[nH]1	 50000
CCOc1cc(\C=C2/NC(=S)NC2=O)ccc1OCCCOc1cc(C)cc(C)c1	 250000
COCc1cc(\C=C2/NC(=S)NC2=O)ccc1OCCCOc1cc(C)cc(C)c1	 3300000
COc1cc(ccc1OCC(O)=O)-c1nc2sc3cc(C)ccc3c2c(=O)[nH]1	 4000
CCc1ccc2c(c1)sc1nc([nH]c(=O)c21)-c1ccc(OCC(O)=O)c(OC)c1	 5500
COc1cc(ccc1OCC(O)=O)-c1nc2sc3ccc(C)cc3c2c(=O)[nH]1	 1900
CC(C)(C)c1cc(NC(=O)c2cccc(Oc3cccc4[nH]c(=O)[nH]c34)c2)n(n1)-c1ccccc1	 4250
Cn1cc(\C=C2/Oc3cccc(O)c3C2=O)c2c(ccnc12)-c1ccc(cc1)C(=O)NCCO	 50
CNC(=O)c1cc(Oc2ccc(NC(=O)Nc3ccc(Cl)c(c3)C(F)(F)F)cc2)ccn1	 580
COC(=O)c1ccc2C(C(=Nc3ccc(cc3)N(C)C(=O)CN3CCN(C)CC3)c3ccccc3)C(=O)Nc2c1	 69
Cn1ccc2ncnc(Oc3ccc(NC(=O)Nc4cnn(c4)C(C)(C)C)c(Cl)c3)c12	 940
Cn1ccc2ncnc(Oc3ccc(NC(=O)Nc4cc(on4)C(C)(C)C)c(Cl)c3)c12	 220
Cn1ccc2ncnc(Oc3ccc(NC(=O)Nc4cc(nn4C)C(C)(C)C)c(Cl)c3)c12	 260
Cn1ccc2ncnc(Oc3ccc(NC(=O)Nc4ccc(N5CCOCC5)c(c4)C(F)(F)F)c(Cl)c3)c12	 610
Cn1ccc2ncnc(Oc3ccc(NC(=O)Nc4ccc(CN5CCOCC5)c(c4)C(F)(F)F)c(Cl)c3)c12	 4500
CN1CCN(Cc2ccc(NC(=O)Nc3ccc(Oc4ncnc5ccn(C)c45)cc3Cl)cc2C(F)(F)F)CC1	 14
CN1CCC(CC1)Oc1ccc(NC(=O)Nc2ccc(Oc3ncnc4ccn(C)c34)cc2Cl)cc1C(F)(F)F	 270
CN1CCN(Cc2cc(NC(=O)Nc3ccc(Oc4ncnc5ccn(C)c45)cc3Cl)cc(c2)C(F)(F)F)CC1	 390
COCCn1ccc2ncnc(Oc3ccc(NC(=O)Nc4cccc(c4)C(F)(F)F)c(Cl)c3)c12	 27000
OCCOCCn1ccc2ncnc(Oc3ccc(NC(=O)Nc4cccc(c4)C(F)(F)F)c(Cl)c3)c12	 6500
O=C(N[C@H](CN1CCCC1)c1ccccc1)c1cc2n[nH]c(NC(=O)c3ccc(cc3)N3CCOCC3)c2s1	 14
Oc1ccc(Cl)cc1C(=O)Nc1ccc(cc1Cl)[N+]([O-])=O	 13100
COCCN(c1ccnc(Nc2cc(cc(c2)N2CCOCC2)N2CCOCC2)n1)c1cc(CO)ccc1C	 720
COc1cncc(c1)N(C)c1ccnc(Nc2cc(cc(c2)N2CCOCC2)N2CCOCC2)n1	 140
COc1cccc(n1)N(C)c1ccnc(Nc2cc(cc(c2)N2CCOCC2)N2CCOCC2)n1	 998
COc1ccnc(c1)N(C)c1ccnc(Nc2cc(cc(c2)N2CCOCC2)N2CCOCC2)n1	 1380
CC(O)c1ccc(C)c(c1)N(C)c1ccnc(Nc2cc(cc(c2)N2CCOCC2)N2CCOCC2)n1	 1550
CN(c1ccc(Cl)c(CO)c1)c1ccnc(Nc2cc(cc(c2)N2CCOCC2)N2CCOCC2)n1	 56
CN(c1ccnc(Nc2cc(cc(c2)N2CCOCC2)N2CCOCC2)n1)c1cc(CO)ccc1C	 3340
COc1cc(CO)cc(c1)N(C)c1ccnc(Nc2cc(cc(c2)N2CCOCC2)N2CCOCC2)n1	 447
CN(c1cccc(CO)c1)c1ccnc(Nc2cc(cc(c2)N2CCOCC2)N2CCOCC2)n1	 738
COc1ccc(C)c(c1)N(C)c1ccnc(Nc2cc(cc(c2)N2CCOCC2)N2CCOCC2)n1	 350
CN(c1ccnc(Nc2cc(cc(c2)N2CCOCC2)N2CCOCC2)n1)c1cc(C)ccc1C	 1580
COc1cccc(c1)N(C)c1ccnc(Nc2cc(cc(c2)N2CCOCC2)N2CCOCC2)n1	 183
CN(c1cccc(Cl)c1)c1ccnc(Nc2cc(cc(c2)N2CCOCC2)N2CCOCC2)n1	 112
CN(c1cccc(C)c1)c1ccnc(Nc2cc(cc(c2)N2CCOCC2)N2CCOCC2)n1	 501
CN(c1ccnc(Nc2cc(cc(c2)N2CCOCC2)N2CCOCC2)n1)c1ccccc1C	 662
CN(c1ccccc1)c1ccnc(Nc2cc(cc(c2)N2CCOCC2)N2CCOCC2)n1	 313
CCOC(=O)c1c2c3cccc4cccc(c2nc1=O)c34	 74
O=c1nc2c3cccc4cccc(c2c1C#N)c34	 4500
CC(Sc1ccc2c3c(C#N)c(=O)nc3c3cccc1c23)C1(C)CSCO1	 3600
CCOC(=O)c1c2c3ccc(SCC=C)c4cccc(c2nc1=O)c34	 485
CCOC(=O)c1c2c3ccc(SCCc4cnccn4)c4cccc(c2nc1=O)c34	 2100
CCOC(=O)c1c2c3ccc(SCCO)c4cccc(c2nc1=O)c34	 320
C=CCOC(=O)c1c2c3cccc4cccc(c2nc1=O)c34	 19
CCCSC(=O)COC(=O)c1c2c3cccc4cccc(c2nc1=O)c34	 65
FC(F)(F)C(F)(F)COC(=O)COC(=O)c1c2c3cccc4cccc(c2nc1=O)c34	 77
C=CCOC(=O)c1c2c3ccc(SCC=C)c4cccc(c2nc1=O)c34	 216
CCCSC(=O)COC(=O)c1c2c3ccc(SCC=C)c4cccc(c2nc1=O)c34	 577
FC(F)(F)C(F)(F)COC(=O)COC(=O)c1c2c3ccc(SCC=C)c4cccc(c2nc1=O)c34	 424
Cc1c[nH]c(\C=C2/C(=O)Nc3ccccc23)c1CCC(O)=O	 334
CNC(=O)c1ncc(C#Cc2cc(ccc2C)C(=O)Nc2ccc(CN3CCN(CCO)CC3)c(c2)C(F)(F)F)n1C	 1.8
CCN(CC)CCOc1ccc(Nc2cc(NC(=O)Nc3c(Cl)cccc3Cl)ncn2)cc1	 570
CCN1CCN(CC1)c1ccc(Nc2cc(ncn2)N(C)C(=O)Nc2c(Cl)c(OC)cc(OC)c2Cl)cc1	 4.6
Cc1ccc(cc1)-n1nc(cc1NC(=O)Nc1ccc(OCCN2CCOCC2)c2ccccc12)C(C)(C)C	 15000
C[C@@H]1CCC(CN1)N1CC[C@@]2(C1)CN(C(=O)c1cc3ccc(F)cc3[nH]1)c1ccccc21	 22700
CN(C)CCCc1cnc(C)c(Nc2ncc3CC(=S)Nc4cc(Cl)ccc4-c3n2)c1	 200
CN(C)CCCc1cncc(Nc2ncc3CC(=S)Nc4cc(Cl)ccc4-c3n2)c1	 11
CN(C)CCCc1ccc(c(Nc2ncc3CC(=S)Nc4cc(Cl)ccc4-c3n2)c1)C(F)(F)F	 4100
CN(C)CCCc1ccc(OC(F)(F)F)c(Nc2ncc3CC(=S)Nc4cc(Cl)ccc4-c3n2)c1	 2000
COc1ccc(CCCN(C)C)cc1Nc1ncc2CC(=S)Nc3cc(Cl)ccc3-c2n1	 1000
CN(C)CCCc1ccc(Cl)c(Nc2ncc3CC(=S)Nc4cc(Cl)ccc4-c3n2)c1	 2800
CN(C)CCCc1ccc(C)c(Nc2ncc3CC(=S)Nc4cc(Cl)ccc4-c3n2)c1	 1600
CN(C)CCCc1cccc(Nc2ncc3CC(=S)Nc4cc(Cl)ccc4-c3n2)c1	 12
O=C(Nc1cccc(c1)-c1cncc2ccccc12)c1ccccc1NCc1ccncc1	 5100
CCN(CC)CCCCNc1ncc2cc(c(NC(=O)NC(C)(C)C)nc2n1)-c1cc(OC)cc(OC)c1	 22
COc1cc2Cc3c(Nc4cccc(F)c4)[nH]nc3-c2cc1OC	 45800
CCOC(=O)c1c(C)[nH]c(\C=C2/C(=O)Nc3ccccc23)c1C	 5000
CCN(CC)CCNC(=O)c1c(C)[nH]c(\C=C2/C(=O)Nc3ccc(Cl)cc23)c1C	 170
CC(C)c1c(cn2ncnc(Nc3cnc4[nH]ccc4c3)c12)-c1nnc(C)o1	 61
CC(C)c1c(cn2ncnc(Nc3cnc4[nH]c(C)cc4c3)c12)-c1nnc(C)o1	 78
Cc1[nH]c(\C=C2/C(=O)Nc3ccc(cc23)S(=O)(=O)Cc2c(Cl)cccc2Cl)c(C)c1C(=O)N1CCC[C@@H]1CN1CCCC1	 3000
CCN(CC)CCNC(=O)c1c(C)[nH]c(\C=C2/C(=O)Nc3ccc(F)cc23)c1C	 170
CN1CCN(CC1)c1cc(Nc2cc(C)n[nH]2)nc(C=Cc2ccccc2)n1	 93
COC(=O)c1ccc2C(C(=Nc3ccc(CN(C)C(=O)N(C)C)cc3)c3ccccc3)C(=O)Nc2c1	 50
COC(=O)c1ccc2C(C(=Nc3ccc(cc3)N(C)C(=O)CN3CCN(C)CC3)c3ccccc3)C(=O)Nc2c1	 38
COC(=O)c1ccc2C(C(=Nc3ccc(CN4CCCCC4)cc3)c3ccccc3)C(=O)Nc2c1	 71
COC(=O)c1ccc2C(C(=Nc3ccc(cc3)N(C)C(=O)Cn3ccnc3)c3ccccc3)C(=O)Nc2c1	 66
COC(=O)c1ccc2C(C(=Nc3ccc(cc3)N(CC(=O)N(C)C)C(C)=O)c3ccccc3)C(=O)Nc2c1	 54
COC(=O)c1ccc2C(C(=Nc3ccc(cc3)N(CCCN(C)C)C(C)=O)c3ccccc3)C(=O)Nc2c1	 17
COC(=O)c1ccc2C(C(=Nc3ccc(cc3)N(CCN(C)C)C(C)=O)c3ccccc3)C(=O)Nc2c1	 18
COC(=O)c1ccc2C(C(=Nc3ccc(cc3)N(CCN(C)C)S(C)(=O)=O)c3ccccc3)C(=O)Nc2c1	 25
COC(=O)c1ccc2C(C(=Nc3ccc(cc3)C(=O)N(C)CCN(C)C)c3ccccc3)C(=O)Nc2c1	 88
COC(=O)c1ccc2C(C(=Nc3ccc(CN(C)C)cc3)c3ccccc3)C(=O)Nc2c1	 82
COC(=O)c1ccc2C(C(=Nc3ccc(NC(=O)CN4CCN(C)CC4)cc3)c3ccccc3)C(=O)Nc2c1	 219
CCn1cc(c(n1)-c1ccc(NC(=O)N(C)C)cc1)-c1ccnc2[nH]c(cc12)-c1cccc(CN(C)C)c1	 76
NS(=O)(=O)c1ccc(Nc2nc(nc3nc[nH]c23)N2CCOCC2)cc1	 10000
CN(C[C@@H]1COCCO1)S(=O)(=O)Nc1ccc2ccc3ncc(cc3c(=O)c2c1)-c1cnn(C)c1	 65
CC(C)Cn1c2ccc(Nc3ncccn3)cc2c2c3CNC(=O)c3c3-c4cn(C)nc4CCc3c12	 13
Nc1ncc(-c2cnn(CCO)c2)c2scc(-c3ccc(NC(=O)Nc4cccc(F)c4)cc3)c12	 188
COc1ccc2c(Oc3ccc(NC(=O)c4c(C)n(CC(C)(C)O)n(-c5ccccc5)c4=O)nc3)ccnc2c1	 25000
COc1cc2nccc(Oc3ccc(NC(=O)c4c(C)n(C)n(-c5ccccc5)c4=O)cc3F)c2cc1OC	 1000
C[C@H](NC(=O)c1cc(cnc1N)-c1cnn(c1)C1CCOCC1)c1c(Cl)ccc(F)c1Cl	 3480
CC(C)Oc1cc(n[nH]1)-n1cnc2ccc(N[C@@H](C)c3ccc(F)cn3)nc12	 8.7
CNC(=O)c1cccc2cc(Oc3ccnc4cc(OCC5(N)CC5)c(OC)cc34)ccc12	 17.5
FC(F)(F)c1cccc(c1)C(=O)Nc1cccc(Oc2ccc3nccn3n2)c1	 5100
CCN(CC)CCCCNc1ncc2CN(C(=O)N(Cc3cccc(NC(=O)C=C)c3)c2n1)c1c(Cl)c(OC)cc(OC)c1Cl	 9.2
Cc1cc(Nc2nc(NCCc3cccnc3)ncc2Br)[nH]n1	 2511.89
Cc1cc(Nc2nc(NCC=C)ncc2Br)[nH]n1	 3162.28
Cc1cc(Nc2nc(NCc3cc(C)no3)ncc2Br)[nH]n1	 158.49
COCCCc1cc(Nc2nc(NCc3cc(C)no3)ncc2Br)[nH]n1	 794.33
CCCc1cc(Nc2nc(NCc3cc(C)no3)ncc2Br)[nH]n1	 100
Cc1cc(CNc2ncc(Br)c(Nc3cc(CCc4ccccc4)n[nH]3)n2)on1	 63.1
Cc1cc(Nc2nc(NCCc3cccnc3)ncc2Br)[nH]n1	 501.19
Cc1cc(Nc2nc(NCC=C)ncc2Br)[nH]n1	 630.96
Cc1cc(Nc2nc(NCc3cc(no3)C(C)(C)C)ncc2Br)[nH]n1	 31.62
COCCCc1cc(Nc2nc(NCc3cc(C)no3)ncc2Br)[nH]n1	 63.1
CCCc1cc(Nc2nc(NCc3cc(C)no3)ncc2Br)[nH]n1	 10
Cc1cc(CNc2ncc(Br)c(Nc3cc(CCc4ccccc4)n[nH]3)n2)on1	 2.51
COc1cc(CCc2cc(Nc3ccnc(NCc4cc(C)no4)n3)[nH]n2)cc(OC)c1	 2
Cc1cc(Nc2ccnc(NCc3cc(C)no3)n2)[nH]n1	 79.43
COCCCc1cc(Nc2ccnc(NCc3cc(C)no3)n2)[nH]n1	 79.43
Cc1cc(CNc2nccc(Nc3cc(CCc4ccccc4)n[nH]3)n2)on1	 7.94
Cc1cc(Nc2nc(NCCCc3cn[nH]c3C)ncc2Br)[nH]n1	 125.89
Cc1cc(Nc2nc(NCc3cnc(C)cn3)ncc2Br)[nH]n1	 100
Cc1cc(Nc2nc(NCCc3cc(C)no3)ncc2Br)[nH]n1	 398.11
Cc1cc(Nc2nc(NCc3ncccc3C)ncc2Br)[nH]n1	 79.43
Cc1cc(Nc2nc(NCc3cc(no3)C(=O)N3CCCC3)ncc2Br)[nH]n1	 5011.87
Cc1cc(Nc2ccnc(NCc3cc(no3)C(N)=O)n2)[nH]n1	 100
Cc1cc(CNc2nccc(Nc3cc(CO)n[nH]3)n2)on1	 794.33
CCc1cc(Nc2nc(NCc3ccccn3)ncc2Br)[nH]n1	 39.81
CCc1cc(Nc2nc(NCc3cc(no3)-c3ccccn3)ncc2Br)[nH]n1	 79.43
CCCc1cc(Nc2nc(NCc3cccnc3)ncc2Br)[nH]n1	 25.12
COCCCc1cc(Nc2ccnc(NCc3cc(no3)C3CC3)n2)[nH]n1	 25.12
COCCCc1cc(Nc2ccnc(NCc3cc(no3)C(N)=O)n2)[nH]n1	 63.1
COc1cc(CCc2cc(Nc3ccnc(NCc4ccccn4)n3)[nH]n2)cc(OC)c1	 5.01
COc1cc(CCc2cc(Nc3ccnc(NCc4cc(C)on4)n3)[nH]n2)cc(OC)c1	 2
Cc1cc(Nc2nc(NCc3ccccn3)ncc2Br)[nH]n1	 200
Cc1cc(Nc2nc(NCc3cc(C)no3)ncc2Br)[nH]n1	 63.1
Cc1cc(Nc2nc(NCc3cc(C)no3)ncc2Cl)[nH]n1	 31.62
Cc1cc(Nc2nc(NCCc3ccco3)ncc2Br)[nH]n1	 200
Cc1cc(Nc2ccnc(NCc3cc(no3)C3CC3)n2)[nH]n1	 25.12
CC(C)c1cc(Nc2nc(NCc3cccnc3)ncc2Br)[nH]n1	 63.1
Cc1cc(Nc2nc(NCc3cc(no3)C(C)(C)C)ncc2Br)[nH]n1	 158.49
COc1ccc2nc([nH]c2c1)C(=C1C(=O)Nc2ccc(N)cc12)c1ccccc1	 42
Cc1ccc(cc1)C(=C1C(=O)Nc2ccccc12)c1nc2ccccc2[nH]1	 187
CCN1CCC(CC1)Nc1ccc2NC(=O)C(=C(c3nc4ccccc4[nH]3)c3ccc(C)cc3)c2c1	 59
CCN1CCC(CC1)Nc1ccc2NC(=O)C(=C(c3nc4ccccc4[nH]3)c3ccc(OC)cc3)c2c1	 44
CCN1CCC(CC1)Nc1ccc2NC(=O)C(=C(c3nc4ccccc4[nH]3)c3cccc(F)c3)c2c1	 38
CCN1CCC(CC1)Nc1ccc2NC(=O)C(=C(c3nc4ccccc4[nH]3)c3cc(F)cc(F)c3)c2c1	 46
CCN1CCC(CC1)Nc1ccc2NC(=O)C(=C(c3ncc[nH]3)c3ccccc3)c2c1	 154
CCN1CCC(CC1)Nc1ccc2NC(=O)C(=C(c3ncc[nH]3)c3cccc(F)c3)c2c1	 17
CCN1CCC(CC1)Nc1ccc2NC(=O)C(=C(c3ncc[nH]3)c3ccc(Cl)cc3)c2c1	 24
CCN1CCC(CC1)Nc1ccc2NC(=O)C(=C(c3ncc(C)[nH]3)c3cccc(F)c3)c2c1	 20
CCN1CCC(CC1)Nc1ccc2NC(=O)C(=C(c3ncc(C)[nH]3)c3cc(F)cc(F)c3)c2c1	 24
CCN1CCC(CC1)Nc1ccc2NC(=O)C(=C(c3ncc(C)[nH]3)c3ccccc3F)c2c1	 15
CCN(CC)CCNC(=O)c1c(C)[nH]c(\C=C2/C(=O)Nc3ccc(F)cc23)c1C	 1064
Cc1[nH]c(\C=C2/C(=O)Nc3ccccc23)c(C)c1CCC(O)=O	 1950
Cc1ccccc1C(=C1C(=O)Nc2ccccc12)c1nc2ccccc2[nH]1	 205
Cc1cccc(c1)C(=C1C(=O)Nc2ccccc12)c1nc2ccccc2[nH]1	 814
Fc1ccc(cc1)C(=C1C(=O)Nc2ccccc12)c1nc2ccccc2[nH]1	 950
Fc1cccc(c1)C(=C1C(=O)Nc2ccccc12)c1nc2ccccc2[nH]1	 79
Fc1cc(F)cc(c1)C(=C1C(=O)Nc2ccccc12)c1nc2ccccc2[nH]1	 4000
Fc1ccc(C(=C2C(=O)Nc3ccccc23)c2nc3ccccc3[nH]2)c(F)c1	 628
FC(F)(F)c1ccc(cc1)C(=C1C(=O)Nc2ccccc12)c1nc2ccccc2[nH]1	 4899
Clc1ccc(C(=C2C(=O)Nc3ccccc23)c2nc3ccccc3[nH]2)c(Cl)c1	 725
COc1ccc(cc1)C(=C1C(=O)Nc2ccccc12)c1nc2ccccc2[nH]1	 86
CCOc1ccc(cc1)C(=C1C(=O)Nc2ccccc12)c1nc2ccccc2[nH]1	 6293
Nc1ccc(cc1)C(=C1C(=O)Nc2ccccc12)c1nc2ccccc2[nH]1	 57
Brc1ccc2NC(=O)C(=C(c3nc4ccccc4[nH]3)c3ccccc3)c2c1	 446
Brc1ccc2C(=C(c3nc4ccccc4[nH]3)c3ccccc3)C(=O)Nc2c1	 4880
Brc1cccc2C(=C(c3nc4ccccc4[nH]3)c3ccccc3)C(=O)Nc12	 4880
OC(=O)c1ccc2NC(=O)C(=C(c3nc4ccccc4[nH]3)c3ccccc3)c2c1	 75
OC(=O)c1ccc2C(=C(c3nc4ccccc4[nH]3)c3ccccc3)C(=O)Nc2c1	 1586
OC(=O)c1cccc2C(=C(c3nc4ccccc4[nH]3)c3ccccc3)C(=O)Nc12	 24400
Nc1ccc2NC(=O)C(=C(c3nc4ccccc4[nH]3)c3ccccc3)c2c1	 13
Cc1ccc(cc1)C(=C1C(=O)Nc2ccc(cc12)C(O)=O)c1nc2ccccc2[nH]1	 67
Cc1ccc(cc1)C(=C1C(=O)Nc2ccc(N)cc12)c1nc2ccccc2[nH]1	 51
COc1ccc2nc([nH]c2c1)C(=C1C(=O)Nc2ccc(cc12)C(O)=O)c1ccccc1	 39
CCCCNC(=O)c1ccc2NC(=O)C(=C(c3nc4ccccc4[nH]3)c3ccccc3)c2c1	 326
COCCNC(=O)c1ccc2NC(=O)C(=C(c3nc4ccccc4[nH]3)c3ccccc3)c2c1	 199
CN1CCN(CC1)C(=O)c1ccc2NC(=O)C(=C(c3nc4ccccc4[nH]3)c3ccccc3)c2c1	 70
CCCCNS(=O)(=O)c1ccc2NC(=O)C(=C(c3nc4ccccc4[nH]3)c3ccccc3)c2c1	 300
COCCNS(=O)(=O)c1ccc2NC(=O)C(=C(c3nc4ccccc4[nH]3)c3ccccc3)c2c1	 287
CN1CCN(CC1)S(=O)(=O)c1ccc2NC(=O)C(=C(c3nc4ccccc4[nH]3)c3ccccc3)c2c1	 1950
CCN1CCC(CC1)Oc1ccc2NC(=O)C(=C(c3nc4ccc(OC)cc4[nH]3)c3ccccc3)c2c1	 20
CCN1CCCC(C1)Nc1ccc2NC(=O)C(=C(c3nc4ccc(OC)cc4[nH]3)c3ccccc3)c2c1	 216
CCN1CCC(CC1)Nc1ccc2NC(=O)C(=C(c3nc4ccc(OC)cc4[nH]3)c3ccccc3)c2c1	 11
COCCN1CCC(CC1)Nc1ccc2NC(=O)C(=C(c3nc4ccccc4[nH]3)c3ccccc3)c2c1	 46
CCN1CCC(CC1)Nc1ccc2NC(=O)C(=C(c3nc4ccccc4[nH]3)c3ccccc3)c2c1	 5
CCN1CCC(CC1)Nc1ccc2NC(=O)C(=C(c3nc4ccccc4[nH]3)c3ccc(C)cc3)c2c1	 10
CCN1CCC(CC1)Nc1ccc2NC(=O)C(=C(c3nc4ccccc4[nH]3)c3ccc(OC)cc3)c2c1	 14
CCN1CCC(CC1)Nc1ccc2NC(=O)C(=C(c3nc4ccccc4[nH]3)c3cccc(F)c3)c2c1	 5
CCN1CCC(CC1)Nc1ccc2NC(=O)C(=C(c3nc4ccccc4[nH]3)c3cc(F)cc(F)c3)c2c1	 8
CCN1CCC(CC1)Nc1ccc2NC(=O)C(=C(c3ncc[nH]3)c3ccccc3)c2c1	 12
CCN1CCC(CC1)Nc1ccc2NC(=O)C(=C(c3ncc[nH]3)c3cccc(F)c3)c2c1	 13
CCN1CCC(CC1)Nc1ccc2NC(=O)C(=C(c3ncc[nH]3)c3ccc(Cl)cc3)c2c1	 6
CCN1CCC(CC1)Nc1ccc2NC(=O)C(=C(c3ncc(C)[nH]3)c3cccc(F)c3)c2c1	 4
CCN1CCC(CC1)Nc1ccc2NC(=O)C(=C(c3ncc(C)[nH]3)c3cc(F)cc(F)c3)c2c1	 7
CCN1CCC(CC1)Nc1ccc2NC(=O)C(=C(c3ncc(C)[nH]3)c3ccccc3F)c2c1	 8
CCCCNC(=O)c1ccc2NC(=O)C(=C(c3nc4ccccc4[nH]3)c3ccccc3)c2c1	 30000
COCCNC(=O)c1ccc2NC(=O)C(=C(c3nc4ccccc4[nH]3)c3ccccc3)c2c1	 9666
CN1CCN(CC1)C(=O)c1ccc2NC(=O)C(=C(c3nc4ccccc4[nH]3)c3ccccc3)c2c1	 983
COCCNS(=O)(=O)c1ccc2NC(=O)C(=C(c3nc4ccccc4[nH]3)c3ccccc3)c2c1	 30000
CN1CCN(CC1)S(=O)(=O)c1ccc2NC(=O)C(=C(c3nc4ccccc4[nH]3)c3ccccc3)c2c1	 30000
CCN1CCC(CC1)Oc1ccc2NC(=O)C(=C(c3nc4ccc(OC)cc4[nH]3)c3ccccc3)c2c1	 736
CCN1CCCC(C1)Nc1ccc2NC(=O)C(=C(c3nc4ccc(OC)cc4[nH]3)c3ccccc3)c2c1	 1010
CCN1CCC(CC1)Nc1ccc2NC(=O)C(=C(c3nc4ccc(OC)cc4[nH]3)c3ccccc3)c2c1	 41
COCCN1CCC(CC1)Nc1ccc2NC(=O)C(=C(c3nc4ccccc4[nH]3)c3ccccc3)c2c1	 50
CCN1CCC(CC1)Nc1ccc2NC(=O)C(=C(c3nc4ccccc4[nH]3)c3ccccc3)c2c1	 17
CN(C)C1CCC(CC1)Nc1nc(Nc2cc(Cl)cc(Cl)c2)ncc1-c1cc(C)no1	 1710
CN1CCC(CC1)NC(=O)c1cnc(Nc2cc(Cl)cc(Cl)c2)nc1N[C@@H]1COC[C@H]1O	 30000
CN(C)C1CCC(CC1)Nc1nc(Nc2cc(Cl)cc(Cl)c2)ncc1C(=O)NC1CCN(C)CC1	 30000
CN1CCC(CC1)NC(=O)c1cnc(NCc2cc(Cl)ccc2Cl)nc1NC1CCCC1	 12510
COc1ccccc1CNc1ncc(C(=O)NC2CCN(C)CC2)c(NC2CCCC2)n1	 30000
COc1cc2Nc3[nH]nc(C)c3N=C(c3ccccc3Cl)c2cc1F	 28
Cc1n[nH]c2Nc3ccc(N)cc3C(=Nc12)c1ccccc1Cl	 50
[O-][N+](=O)c1ccccc1-c1n[nH]cc1C=C1C(=O)Nc2ccccc12	 12
