CHEMBL2154	Q9NZK7	Group IIE secretory phospholipase A2
MKSPHVLVFLCLLVALVTGNLVQFGVMIEKMTGKSALQYNDYGCYCGIGGSHWPVDQTDWCCHAHDCCYGRLEKLGCEPKLEKYLFSVSERGIFCAGRTTCQRLTCECDKRAALCFRRNLGTYNRKYAHYPNKLCTGPTPPC
CHEMBL148649	CCc1c(C(=O)C(=O)N)c2c(OC(C)C(=O)O)cccc2n1Cc3ccccc3	8.04599952698
CHEMBL148674	CCc1c(C(=O)C(=O)N)c2c(OCC(=O)O)cccc2n1Cc3ccccc3	7.30100011826
CHEMBL208315	CCc1c(C(=O)C(=O)N)c2c(OCC(=O)O)cc(C)cc2n1Cc3ccccc3	7.30100011826
CHEMBL208429	Cc1cc(OCC(=O)O)c2c(C(=O)C(=O)N)c(C)n(Cc3ccccc3)c2c1	6.90299987793
CHEMBL332993	CCc1c(Cc2ccccc2c3ccccc3)n4cccc(OCC(=O)O)c4c1C(=O)C(=O)N	8.0
CHEMBL346196	Cc1c(C(=O)C(=O)N)c2c(OCC(=O)O)cccc2n1Cc3ccccc3	7.125
CHEMBL446349	CCc1c(C(=O)C(=O)N)c2c(OCC(=O)NS(=O)(=O)c3ccccc3)cc4ccccc4c2n1Cc5ccccc5	7.79600000381
CHEMBL478820	CC(C)Cc1c(Cc2ccccc2c3ccccc3)n4cccc(OCC(=O)O)c4c1C(=O)C(=O)N	5.79600000381
CHEMBL478821	CCc1c(Cc2ccccc2c3ccccc3)n4cccc(OC)c4c1C(=O)C(=O)N	7.30100011826
CHEMBL479251	CC(C)Cc1c(C(=O)C(=O)N)c2c(OCC(=O)NS(=O)(=O)c3ccccc3)cccc2n1Cc4ccccc4	5.79600000381
CHEMBL504813	CC(C)Cc1c(C(=O)C(=O)N)c2c(OCC(=O)O)cccc2n1Cc3ccccc3	5.8860001564
CHEMBL506485	CC(C)Cc1c(C(=O)C(=O)N)c2c(OCC(=O)NS(=O)(=O)c3ccccc3)cc4ccccc4c2n1Cc5ccccc5	6.07600021362
CHEMBL514692	CCc1c(C(=O)C(=O)N)c2c(OCC(=O)NS(=O)(=O)c3ccccc3)cccc2n1Cc4ccccc4	8.15499973297
CHEMBL514705	CC(C)Cc1c(C(=O)C(=O)N)c2c(OCC(=O)O)cc3ccccc3c2n1Cc4ccccc4	6.58500003815
CHEMBL514841	CCc1c(C(=O)C(=O)N)c2c(OC)cc3ccccc3c2n1Cc4ccccc4	7.69899988174
CHEMBL515637	CCc1c(C(=O)C(=O)N)c2c(OCC(=O)O)cc3ccccc3c2n1Cc4ccccc4	8.15499973297
CHEMBL517821	CCc1c(Cc2ccccc2c3ccccc3)n4cccc(OCC(=O)C)c4c1C(=O)C(=O)N	7.04600000381
